iter	R2	RMSE
0	0.007992594854	341.4031414
1	0.01508392688	340.1806983
2	0.02289536794	338.829014
3	0.03023842944	337.5534421
4	0.03762543904	336.2653537
5	0.04453889491	335.055354
6	0.05095336877	333.9287655
7	0.05709517422	332.8464928
8	0.06458038609	331.5227162
9	0.07101208746	330.3810184
10	0.07754047544	329.2181087
11	0.08435283407	328.000219
12	0.09133525396	326.7472155
13	0.09760398857	325.6181762
14	0.1043336849	324.4017412
15	0.110744988	323.2385997
16	0.1172357186	322.0567694
17	0.1231377991	320.9783429
18	0.1289627019	319.9104538
19	0.1355431262	318.6997493
20	0.1404952331	317.7855904
21	0.1463466501	316.7020178
22	0.1519568579	315.6596199
23	0.1580021035	314.5325234
24	0.1640144455	313.4075414
25	0.1693228516	312.4109069
26	0.1750252842	311.3367411
27	0.1807403774	310.2564589
28	0.1854942937	309.354987
29	0.1911900363	308.2714479
30	0.1964161457	307.273889
31	0.2011546548	306.3665954
32	0.2060941848	305.4179427
33	0.2113879512	304.3979757
34	0.21636798	303.4353278
35	0.2208313252	302.5699531
36	0.2258092118	301.6018879
37	0.2301964441	300.7461056
38	0.2346991391	299.8652614
39	0.2391080003	299.0002592
40	0.2439068252	298.0558943
41	0.2490944969	297.0316307
42	0.2533808093	296.1826607
43	0.2575284674	295.3588302
44	0.2617157318	294.5247955
45	0.2657918694	293.7106204
46	0.2702078745	292.8260049
47	0.2746223204	291.9390227
48	0.2785288349	291.1518441
49	0.2825739632	290.334485
50	0.2868952975	289.4587659
51	0.2912672015	288.5700945
52	0.2950095221	287.807218
53	0.2995429415	286.8803578
54	0.3035864992	286.0511162
55	0.3075573063	285.234448
56	0.3106488335	284.5969971
57	0.3146929531	283.7609665
58	0.31841006	282.9903601
59	0.3216560255	282.3157073
60	0.3253323976	281.5496448
61	0.3289260469	280.7987998
62	0.3325720921	280.0349499
63	0.3363027792	279.2512048
64	0.3401187413	278.4472628
65	0.3435159223	277.729591
66	0.3472151803	276.9459887
67	0.350668598	276.2124557
68	0.3540536643	275.4915455
69	0.3577552074	274.7010704
70	0.3608478415	274.0388813
71	0.3641311629	273.3341068
72	0.3673438307	272.6427349
73	0.3708704782	271.8817699
74	0.3740901621	271.1851755
75	0.3772370526	270.5025968
76	0.3802786234	269.8412217
77	0.3832785471	269.1873108
78	0.3864416517	268.4961055
79	0.3894117903	267.8454436
80	0.3925320193	267.1601949
81	0.395836876	266.4324773
82	0.3987164342	265.7967846
83	0.4019752432	265.0755294
84	0.4049885946	264.4068493
85	0.4077565216	263.7911368
86	0.4110110273	263.0653437
87	0.4139330685	262.4119838
88	0.4168968612	261.7476224
89	0.4195759862	261.1456175
90	0.4221448733	260.5670771
91	0.4247337203	259.982739
92	0.4274925578	259.3585827
93	0.4300870483	258.7702344
94	0.4328530118	258.1415248
95	0.4356771231	257.4980142
96	0.4381976308	256.9223224
97	0.4409722943	256.2870854
98	0.4438892247	255.6175753
99	0.4464605448	255.0259341
100	0.4490157732	254.4366325
101	0.4517730928	253.7991887
102	0.4546357276	253.1356995
103	0.4572216781	252.5348403
104	0.4595248825	251.9984725
105	0.461991545	251.4227697
106	0.4644254315	250.8534216
107	0.4664330195	250.3828213
108	0.4691235744	249.7507356
109	0.4714042549	249.2136853
110	0.4738208876	248.6433554
111	0.4759962388	248.1288473
112	0.4784761752	247.5409951
113	0.4809289487	246.9582053
114	0.4831423328	246.4311124
115	0.4855518197	245.8560352
116	0.4876303598	245.3588628
117	0.4899362078	244.8061386
118	0.4918975219	244.3350169
119	0.4940783442	243.810099
120	0.4964459451	243.2389414
121	0.4986430237	242.7077181
122	0.5012624113	242.072863
123	0.5035195965	241.5244554
124	0.5054910989	241.0444368
125	0.5078116738	240.4781988
126	0.5099763649	239.9487931
127	0.5124357945	239.3458839
128	0.5145552397	238.8250981
129	0.5167303713	238.2894458
130	0.5189040626	237.7529425
131	0.5209574606	237.2450153
132	0.5231415219	236.7035711
133	0.5250410762	236.2316492
134	0.5271519818	235.7061111
135	0.5292407771	235.1849217
136	0.5312464561	234.6833819
137	0.5330515515	234.2310818
138	0.5349642218	233.7508719
139	0.5369074426	233.2619794
140	0.5388943053	232.7610453
141	0.5408149813	232.2757714
142	0.5427879656	231.7762236
143	0.5448051666	231.2643647
144	0.5467183145	230.7778601
145	0.5487032661	230.2720096
146	0.5505371528	229.8036674
147	0.5524546141	229.3129587
148	0.5540121037	228.9135983
149	0.5557282992	228.4727353
150	0.5574561516	228.0280167
151	0.5590763569	227.6102152
152	0.560755704	227.1763519
153	0.5623166914	226.7723227
154	0.5639809447	226.3407709
155	0.5656956771	225.8952672
156	0.5672199712	225.4985023
157	0.5686908736	225.1149718
158	0.5703159894	224.6904699
159	0.5719418199	224.2649772
160	0.5735781045	223.8359319
161	0.5753214336	223.3779121
162	0.5768785645	222.9680161
163	0.5784851231	222.5443176
164	0.5801771682	222.0971997
165	0.5817660663	221.6765171
166	0.5834214758	221.2373738
167	0.5849551687	220.8297399
168	0.5863667753	220.4538886
169	0.5881113613	219.9884918
170	0.5897853777	219.5409931
171	0.5914911302	219.0840704
172	0.5930049087	218.6777726
173	0.5946302805	218.240681
174	0.5960362412	217.8618856
175	0.5975790499	217.4454612
176	0.598830072	217.1072074
177	0.6003798182	216.6874518
178	0.6018166168	216.2975609
179	0.6031432762	215.9369323
180	0.604525829	215.5604681
181	0.6058604665	215.1964264
182	0.6072777377	214.8091697
183	0.6084621797	214.4849951
184	0.6099467467	214.0779849
185	0.6113959657	213.679918
186	0.6128415867	213.2820992
187	0.6142160276	212.903179
188	0.6155451722	212.5361041
189	0.616878602	212.1672075
190	0.6182861484	211.7771092
191	0.6197365368	211.3743843
192	0.6212372289	210.9568824
193	0.6226439905	210.5647608
194	0.6238851699	210.2181863
195	0.6251303561	209.8699179
196	0.6264916127	209.4885232
197	0.6278042563	209.12009
198	0.6289836447	208.7885044
199	0.6301901859	208.4487389
200	0.6314755628	208.0861628
201	0.633033501	207.6458545
202	0.6341734204	207.3230953
203	0.6356173251	206.9135423
204	0.6369652852	206.5304703
205	0.6382973915	206.1512043
206	0.639165917	205.903549
207	0.6404503927	205.5367406
208	0.641530266	205.2278534
209	0.6427307734	204.8839134
210	0.6440529051	204.5044593
211	0.6451744606	204.182018
212	0.6465759456	203.7783814
213	0.6478180187	203.419987
214	0.6489006382	203.1070863
215	0.6501494637	202.7455487
216	0.6511713623	202.4492265
217	0.6525610899	202.0455469
218	0.6537869941	201.6887829
219	0.655094484	201.307579
220	0.6562194639	200.9790079
221	0.6573429099	200.6503479
222	0.6584954189	200.3126253
223	0.6595484796	200.0035457
224	0.6605336256	199.7139664
225	0.6617256256	199.3630208
226	0.6628848685	199.021126
227	0.6640841111	198.6668149
228	0.6653734098	198.285191
229	0.6660093559	198.0966844
230	0.6669755071	197.8099548
231	0.6679817583	197.5108821
232	0.6688223995	197.2606835
233	0.6698560176	196.9526138
234	0.6708164619	196.665921
235	0.671884377	196.3466567
236	0.672942406	196.0298351
237	0.674179628	195.6587045
238	0.6753200488	195.3159867
239	0.6761576897	195.0638764
240	0.6772349496	194.7391666
241	0.6783779276	194.3940549
242	0.6793049155	194.1137088
243	0.6802115931	193.8391129
244	0.6812919553	193.5114062
245	0.6821180328	193.2604569
246	0.6830279121	192.9836722
247	0.68406539	192.667587
248	0.6851807508	192.327194
249	0.6862466431	192.0013341
250	0.6870226327	191.7637538
251	0.687866765	191.5049758
252	0.688768202	191.2282439
253	0.6895597043	190.9849301
254	0.6903706464	190.7353185
255	0.6913693188	190.4274731
256	0.6921874604	190.1749058
257	0.6928855915	189.9591213
258	0.6938675887	189.6551814
259	0.6948679361	189.3450601
260	0.6957516094	189.0706863
261	0.6967091654	188.7729223
262	0.6976688349	188.4740291
263	0.6985509621	188.198868
264	0.6990215179	188.0519234
265	0.6999670502	187.7563059
266	0.7008807324	187.4702033
267	0.70168069	187.2193525
268	0.7026948919	186.9008349
269	0.7036307374	186.6064435
270	0.7045409273	186.3196764
271	0.7053795859	186.0550549
272	0.7062385275	185.7836428
273	0.7071656386	185.4902446
274	0.7080216624	185.2189303
275	0.7091349844	184.8654704
276	0.7100189649	184.5843403
277	0.7108592974	184.3166939
278	0.7118757779	183.992424
279	0.7127168209	183.7236881
280	0.7136083357	183.4383953
281	0.7146463753	183.1056531
282	0.7154250946	182.8556382
283	0.7163137458	182.5699104
284	0.7172682979	182.2624945
285	0.718101175	181.9938401
286	0.7189626728	181.7155359
287	0.7196782899	181.4840335
288	0.7202819804	181.2885095
289	0.7209782003	181.0627548
290	0.7217577908	180.809632
291	0.7225257891	180.5599262
292	0.7232326183	180.3298031
293	0.7240087284	180.0767855
294	0.7248504319	179.8019815
295	0.7255875743	179.5609698
296	0.7261522295	179.3761344
297	0.7271532771	179.0479805
298	0.727965108	178.7814115
299	0.7289047656	178.4723727
300	0.7297810899	178.1836803
301	0.7304422814	177.9655503
302	0.7310387699	177.7685365
303	0.7318421427	177.5028454
304	0.7325859874	177.2564864
305	0.7333679969	176.9971175
306	0.7339862316	176.7917984
307	0.7346433949	176.5732892
308	0.7353897615	176.3247911
309	0.7362679651	176.0319496
310	0.7369504495	175.8040347
311	0.7376505152	175.5699412
312	0.7382997374	175.3525699
313	0.7389044042	175.1498739
314	0.7393346116	175.0055171
315	0.7402438494	174.7000285
316	0.7410141668	174.4407962
317	0.7417349622	174.1978799
318	0.7422689709	174.0176942
319	0.743111012	173.7331923
320	0.7438672082	173.4772973
321	0.7446062649	173.2268371
322	0.7452512055	173.0079757
323	0.7459332285	172.7762288
324	0.7465642414	172.5615376
325	0.7472250744	172.3364139
326	0.7476809376	172.180945
327	0.748369087	171.9459903
328	0.7490354665	171.718162
329	0.749649913	171.507821
330	0.7503194497	171.2783271
331	0.7508246541	171.1049567
332	0.7515321967	170.8618546
333	0.7520707551	170.6765811
334	0.752717995	170.4536528
335	0.7533008681	170.2526446
336	0.7538820488	170.0519833
337	0.7545176511	169.8322608
338	0.7550402048	169.6514051
339	0.7557673045	169.3994349
340	0.7565885856	169.1143754
341	0.7572083381	168.8989462
342	0.7576148221	168.7575009
343	0.7581108961	168.5847199
344	0.7588916758	168.3124176
345	0.7596242896	168.0565123
346	0.760386973	167.7896888
347	0.7611039481	167.5384689
348	0.7616443863	167.3488562
349	0.7621987679	167.1541279
350	0.7626155063	167.0075978
351	0.7633015179	166.7661077
352	0.7638894315	166.5588714
353	0.7644853093	166.3485643
354	0.7651864968	166.1007486
355	0.7657846753	165.889046
356	0.7663721492	165.6808686
357	0.7669975239	165.4589729
358	0.7673723562	165.325832
359	0.7679994134	165.1028604
360	0.7687231103	164.8451504
361	0.7695351597	164.5554973
362	0.7699776745	164.3974402
363	0.7705611621	164.1887978
364	0.771330082	163.9134435
365	0.771883251	163.7150642
366	0.772424392	163.5207656
367	0.7729193184	163.3428581
368	0.7735405482	163.1192747
369	0.774208147	162.8786608
370	0.7747413348	162.6862352
371	0.7752618254	162.4981722
372	0.7759652905	162.2436508
373	0.7765015237	162.0493671
374	0.7770280395	161.8583773
375	0.7777398565	161.599812
376	0.7783412071	161.3810504
377	0.7787892808	161.2178554
378	0.7789441995	161.1613934
379	0.7796294052	160.9114239
380	0.780256787	160.6822081
381	0.7809201479	160.439491
382	0.7815307649	160.2157474
383	0.782253389	159.9505575
384	0.7826981453	159.7871212
385	0.78328761	159.5702505
386	0.7837441008	159.4020996
387	0.7842347536	159.221167
388	0.7848236206	159.0037452
389	0.7852147752	158.8591583
390	0.7856215539	158.7086565
391	0.7861906809	158.4978484
392	0.786629929	158.3349564
393	0.7873004897	158.08596
394	0.7878103931	157.896357
395	0.7882935573	157.7164864
396	0.7889240284	157.481468
397	0.789461744	157.2807482
398	0.7897276077	157.1814113
399	0.7901319057	157.0302295
400	0.7905946429	156.8570163
401	0.7911245404	156.6584283
402	0.7916706166	156.4535133
403	0.7920509068	156.3106508
404	0.7925895976	156.1080587
405	0.7932453676	155.8610797
406	0.7936656466	155.7025864
407	0.7941604934	155.5157653
408	0.7946209707	155.3417182
409	0.7950096722	155.1946482
410	0.7954333513	155.0341852
411	0.7958880703	154.8617812
412	0.7965175679	154.6227937
413	0.7967974005	154.5164372
414	0.7974288014	154.2761899
415	0.797871877	154.1073766
416	0.7985519363	153.8479113
417	0.7991374132	153.6241814
418	0.7995390235	153.4705243
419	0.7999163325	153.3260246
420	0.8004677295	153.1146085
421	0.8009179346	152.9417745
422	0.801427994	152.7457262
423	0.8017526593	152.6208054
424	0.8023209892	152.4018839
425	0.8027343469	152.2424602
426	0.8030235879	152.1308063
427	0.8034374514	151.9709027
428	0.8038110906	151.8263958
429	0.8043328466	151.6243735
430	0.8048058795	151.4409837
431	0.8054017952	151.2096369
432	0.8059246146	151.0063758
433	0.8063055564	150.8581012
434	0.8065486892	150.76339
435	0.8070043521	150.5857283
436	0.807529851	150.3805771
437	0.807798057	150.2757634
438	0.8083523445	150.0589182
439	0.8087474111	149.9041711
440	0.8091787587	149.7350301
441	0.8095499737	149.5893153
442	0.8097583534	149.5074568
443	0.810134336	149.3596448
444	0.8105727175	149.1871167
445	0.810933488	149.044983
446	0.8113369573	148.8858666
447	0.8117380722	148.7275099
448	0.8122238529	148.5355018
449	0.8126639722	148.3613271
450	0.813085601	148.194278
451	0.8134821388	148.0369979
452	0.8137189593	147.9429872
453	0.8141277325	147.7805758
454	0.8144413554	147.6558479
455	0.814985655	147.4391292
456	0.8156437978	147.1766564
457	0.8159853577	147.0402549
458	0.8164594046	146.8507348
459	0.8169162689	146.6678525
460	0.817386549	146.4793614
461	0.8176909405	146.35723
462	0.8180493374	146.2132992
463	0.8182865816	146.1179448
464	0.8187650128	145.9254619
465	0.8191952818	145.7521385
466	0.8196535557	145.5673071
467	0.8200681937	145.3998725
468	0.8204249129	145.2556717
469	0.8207047584	145.142446
470	0.8210565505	144.9999854
471	0.8213490972	144.8814099
472	0.8218692992	144.6703207
473	0.8223516909	144.4742987
474	0.8227038341	144.3310356
475	0.8232211597	144.1203128
476	0.8235297079	143.9944848
477	0.8237968274	143.8854627
478	0.8241161707	143.7550176
479	0.8247053212	143.5140506
480	0.8249732934	143.404314
481	0.8251801625	143.3195421
482	0.825539618	143.1721232
483	0.8259938874	142.985602
484	0.8263571157	142.8362867
485	0.8266090309	142.7326381
486	0.8268651318	142.6271901
487	0.8272230657	142.4796822
488	0.8276764177	142.2926321
489	0.8280218555	142.1499415
490	0.8283084895	142.0314323
491	0.8285905988	141.9146972
492	0.8290703135	141.7159733
493	0.8293175383	141.6134505
494	0.829784551	141.4195801
495	0.8300948474	141.29062
496	0.830481071	141.1299397
497	0.8308627705	140.9709616
498	0.8312417952	140.81292
499	0.8316668826	140.6354603
500	0.8320962578	140.4559831
501	0.832548393	140.266744
502	0.8329710082	140.0896292
503	0.8332744014	139.9623412
504	0.8336917559	139.7870517
505	0.8339235509	139.6896024
506	0.8342499314	139.5522729
507	0.8346666617	139.3767307
508	0.8350780525	139.2032206
509	0.8353324935	139.095798
510	0.8357732564	138.9095156
511	0.8362106519	138.724409
512	0.8365923228	138.5626831
513	0.8369665746	138.4039174
514	0.8373617597	138.2360734
515	0.8376279877	138.1228855
516	0.837908356	138.0035853
517	0.8383382562	137.8204569
518	0.8387978294	137.624419
519	0.8391170304	137.4880945
520	0.8393709316	137.3795616
521	0.8398309228	137.1827146
522	0.840141747	137.0495416
523	0.8404865807	136.9016455
524	0.8407908091	136.7710319
525	0.8410314902	136.6676124
526	0.8414667706	136.4803756
527	0.8416924375	136.3832034
528	0.8420596102	136.2249505
529	0.8425197977	136.0263478
530	0.8427846815	135.9119007
531	0.8432255633	135.7211967
532	0.8435596696	135.5765
533	0.843818509	135.4642941
534	0.844268398	135.2690474
535	0.8446449914	135.1053932
536	0.8451290986	134.8947256
537	0.8453627425	134.7929336
538	0.8457012589	134.6453152
539	0.8458885164	134.5635874
540	0.8461963008	134.4291481
541	0.8464325392	134.3258686
542	0.8467460511	134.1886837
543	0.8470359577	134.061703
544	0.8474343424	133.8870118
545	0.8477298258	133.7572953
546	0.8481441016	133.5752171
547	0.8485088306	133.4147095
548	0.848802496	133.2853347
549	0.8491372408	133.1377089
550	0.8494930181	132.980628
551	0.8498139431	132.8387754
552	0.8501865567	132.6738857
553	0.8505161447	132.5278648
554	0.8508415269	132.3835492
555	0.8511502733	132.2464665
556	0.8514103344	132.1308895
557	0.8516214173	132.0370052
558	0.8519596495	131.8864287
559	0.8521205621	131.8147322
560	0.8524217854	131.6804136
561	0.8528077198	131.508121
562	0.8531205631	131.3682926
563	0.8535475372	131.1772118
564	0.8537605165	131.0817945
565	0.8539740769	130.9860471
566	0.8542648347	130.8555764
567	0.8546282367	130.6923253
568	0.8548860804	130.5763703
569	0.855289684	130.3946587
570	0.8555066641	130.2968645
571	0.8558483346	130.1427226
572	0.856211241	129.9788002
573	0.8564738554	129.8600499
574	0.8567093416	129.7534742
575	0.8570045414	129.6197496
576	0.8573893637	129.445219
577	0.857699027	129.3046046
578	0.8578786257	129.2229809
579	0.8581416934	129.1033292
580	0.8584127705	128.9799184
581	0.8587483016	128.8270005
582	0.8590381164	128.6947715
583	0.8593849466	128.5363502
584	0.8596667301	128.4074964
585	0.8599504901	128.2776079
586	0.8602037511	128.1615689
587	0.8605695207	127.993795
588	0.8608548381	127.8627707
589	0.861048604	127.7737124
590	0.8611655311	127.7199405
591	0.8613513512	127.6344398
592	0.8617079162	127.4702144
593	0.862000565	127.335269
594	0.8621891961	127.2482121
595	0.8624752936	127.1160588
596	0.8627617851	126.9835856
597	0.8630481267	126.8510436
598	0.8632789007	126.7441219
599	0.8635407789	126.6226796
600	0.8638764602	126.4668417
601	0.86422506	126.304803
602	0.8645166074	126.1691239
603	0.8648297089	126.0232515
604	0.8652292949	125.8368407
605	0.8654300973	125.7430601
606	0.8656709331	125.6304903
607	0.8659003507	125.5231638
608	0.8661830101	125.3908032
609	0.8664897053	125.2470292
610	0.8666079464	125.1915554
611	0.8668125747	125.0954943
612	0.8669899	125.0121908
613	0.8671670984	124.9288913
614	0.8674980198	124.773179
615	0.8677323142	124.6628161
616	0.8679226521	124.5730867
617	0.868154355	124.4637697
618	0.8683376261	124.3772346
619	0.8685819323	124.2617869
620	0.8689474025	124.0888822
621	0.8691919521	123.9730507
622	0.8694025508	123.8732132
623	0.8696258203	123.7672811
624	0.8698680661	123.6522428
625	0.8702262011	123.4819744
626	0.8704105124	123.3942556
627	0.87081625	123.2009338
628	0.8710827093	123.0738088
629	0.8713410307	122.9504407
630	0.8715795625	122.8364137
631	0.8717186977	122.769853
632	0.8720225486	122.6243687
633	0.872334515	122.4748188
634	0.872558396	122.3673825
635	0.8728562482	122.2243024
636	0.8732156126	122.0514503
637	0.8734660192	121.9308613
638	0.8736447006	121.8447402
639	0.8738892663	121.7267655
640	0.8741899591	121.581559
641	0.874425876	121.4675116
642	0.8747636358	121.3040445
643	0.8749357151	121.2206778
644	0.8751573091	121.1132383
645	0.8753865378	121.0019968
646	0.8756638902	120.8672646
647	0.8759653059	120.7206724
648	0.8761399296	120.6356635
649	0.8763974814	120.5101747
650	0.8766687355	120.3778682
651	0.8768851381	120.2722116
652	0.8772243432	120.1064108
653	0.8774495008	119.996229
654	0.8776439646	119.9009859
655	0.877972646	119.7398344
656	0.8782027298	119.6268958
657	0.8784097838	119.5251703
658	0.8785989837	119.4321408
659	0.8787924874	119.3369201
660	0.8790403292	119.2148493
661	0.8792820487	119.0956733
662	0.8795093661	118.9834892
663	0.8797105394	118.8841192
664	0.8798522193	118.8140863
665	0.8801347545	118.6743046
666	0.8803082021	118.5884114
667	0.8805226497	118.4821284
668	0.8806968787	118.395708
669	0.8809493264	118.2703779
670	0.8812722573	118.1098618
671	0.8815022842	117.9953914
672	0.8816917439	117.9010254
673	0.8818746277	117.809863
674	0.8821050614	117.6948978
675	0.8823239537	117.5855866
676	0.882485836	117.5046799
677	0.8827805079	117.3572633
678	0.8829688367	117.2629503
679	0.8831744152	117.1599123
680	0.8834102433	117.041601
681	0.8836186115	116.9369664
682	0.8837941242	116.8487578
683	0.8840870286	116.7014025
684	0.8843396293	116.5741737
685	0.8846189126	116.4333438
686	0.885013995	116.2338301
687	0.8851310926	116.1746308
688	0.8852723135	116.1031957
689	0.8855080843	115.9838356
690	0.8857661126	115.8530666
691	0.8860718606	115.6979219
692	0.8862616127	115.6015318
693	0.8864336325	115.5140799
694	0.8866575723	115.4001335
695	0.8869062142	115.273486
696	0.8871275731	115.1606182
697	0.8874168259	115.0129652
698	0.8877026164	114.8668932
699	0.8878951414	114.7683858
700	0.8881682838	114.6284845
701	0.8884002433	114.5095426
702	0.8885660616	114.4244401
703	0.8888174375	114.2953062
704	0.8890252866	114.1884222
705	0.8891951185	114.1010137
706	0.8895214368	113.9328771
707	0.8897292004	113.8256968
708	0.8899388157	113.717459
709	0.8901271296	113.6201325
710	0.8903436786	113.50811
711	0.89049345	113.4305673
712	0.8907470174	113.2991644
713	0.890948939	113.1944161
714	0.8911978987	113.0651329
715	0.8914614401	112.9281162
716	0.891676033	112.8164251
717	0.8916883635	112.8100041
718	0.8920322908	112.630756
719	0.8923429799	112.4685855
720	0.8924838785	112.3949635
721	0.8927083205	112.2775889
722	0.892920637	112.1664424
723	0.8931158488	112.0641528
724	0.893327416	111.9531876
725	0.8934277076	111.9005471
726	0.893621976	111.79851
727	0.8939103942	111.6468499
728	0.8940724963	111.5615205
729	0.8943070255	111.4379505
730	0.8945590796	111.3049939
731	0.8947861226	111.1850943
732	0.8949473808	111.0998566
733	0.8951894177	110.971798
734	0.895325874	110.8995356
735	0.8955239124	110.7945777
736	0.8956700225	110.7170773
737	0.8959082333	110.590608
738	0.8962171407	110.4263893
739	0.8963918294	110.3334145
740	0.8966246055	110.209402
741	0.8967884613	110.1220233
742	0.8970718738	109.9707252
743	0.8972993372	109.8491445
744	0.897469296	109.7582125
745	0.8976667978	109.6524496
746	0.8978384183	109.5604633
747	0.897988474	109.4799721
748	0.8981060586	109.4168573
749	0.8983497044	109.2859618
750	0.8984889807	109.211067
751	0.8987555764	109.0675637
752	0.8989047377	108.9871905
753	0.8990898316	108.8873733
754	0.8993401349	108.7522442
755	0.8995718442	108.6270036
756	0.8997937526	108.5069248
757	0.9000073068	108.391241
758	0.9001349345	108.3220453
759	0.9003248041	108.219022
760	0.9005802887	108.0802411
761	0.9008488554	107.9341615
762	0.9009482324	107.8800579
763	0.901084995	107.8055562
764	0.901341256	107.6658187
765	0.901460707	107.6006208
766	0.9016303893	107.507938
767	0.9017937046	107.4186575
768	0.9019392749	107.3390151
769	0.9021628636	107.2165732
770	0.9024016431	107.0856579
771	0.9026100344	106.9712725
772	0.9028078808	106.8625619
773	0.9029830695	106.7662086
774	0.9031701821	106.6632011
775	0.9033474041	106.5655467
776	0.9035375377	106.460678
777	0.9037339091	106.3522603
778	0.9039332815	106.2420725
779	0.9040810322	106.1603409
780	0.9043026288	106.0376416
781	0.9045321635	105.9103971
782	0.9046879862	105.8239282
783	0.904872736	105.7213156
784	0.9049466631	105.6802275
785	0.9051078224	105.5906011
786	0.9053522574	105.4545168
787	0.9055571797	105.3402949
788	0.9056546196	105.2859393
789	0.9058637397	105.1691894
790	0.9060087727	105.0881426
791	0.9061681158	104.999027
792	0.9063406603	104.9024429
793	0.9064650236	104.8327737
794	0.9066228247	104.7443056
795	0.9068830177	104.5982702
796	0.907055866	104.5011449
797	0.9071837888	104.4292055
798	0.9073986252	104.3082773
799	0.9075562392	104.2194696
800	0.9077773855	104.0947367
801	0.9080424613	103.9450291
802	0.9082010114	103.8553812
803	0.9083906435	103.7480571
804	0.9085549323	103.6549863
805	0.9087162601	103.5635117
806	0.9088188945	103.5052748
807	0.908998013	103.4035606
808	0.9090696373	103.36286
809	0.9092812216	103.2425334
810	0.9094830431	103.1276279
811	0.9096871196	103.0113082
812	0.9097823457	102.9569862
813	0.9099445196	102.8644076
814	0.9101233505	102.7622236
815	0.9102403912	102.6952914
816	0.9103834603	102.613415
817	0.9105305844	102.5291498
818	0.9106460037	102.462995
819	0.9107282743	102.4158139
820	0.9108888815	102.3236452
821	0.9110531912	102.2292658
822	0.9111981182	102.1459473
823	0.9113857737	102.0379632
824	0.9115757294	101.928539
825	0.9117240849	101.8429968
826	0.9118747888	101.7560269
827	0.9119949279	101.6866424
828	0.9121475179	101.598448
829	0.9123380049	101.4882424
830	0.9123783765	101.4648701
831	0.912530027	101.3770273
832	0.9127319564	101.2599424
833	0.9128512761	101.1906935
834	0.9129976543	101.1056759
835	0.9131805297	100.99936
836	0.913295429	100.9325052
837	0.913473611	100.8287413
838	0.9136016727	100.7540989
839	0.9138249525	100.6238249
840	0.9139689483	100.5397201
841	0.9141027853	100.4614857
842	0.9142221649	100.391651
843	0.9143255988	100.3311048
844	0.9144947504	100.2320114
845	0.9146628595	100.1334314
846	0.9148618016	100.0166454
847	0.9150660266	99.89661599
848	0.915195291	99.82056878
849	0.9154290488	99.6828999
850	0.9155467159	99.61352922
851	0.9156615726	99.54576889
852	0.9157744583	99.47912632
853	0.915865377	99.42541961
854	0.9160185669	99.33486287
855	0.9162136125	99.21944397
856	0.9164468567	99.08124436
857	0.9165428732	99.02429756
858	0.9167262984	98.91541808
859	0.916868665	98.83082788
860	0.9169912111	98.75795644
861	0.9171320641	98.6741324
862	0.9173468866	98.5461506
863	0.917537442	98.43248681
864	0.9176394972	98.3715582
865	0.9176765906	98.34940344
866	0.9178605838	98.2394363
867	0.918016451	98.1461828
868	0.9180890365	98.10272549
869	0.9183096429	97.97052901
870	0.9185250156	97.84129652
871	0.9186040069	97.79385562
872	0.9187540517	97.70367781
873	0.918945398	97.58855662
874	0.9191263828	97.47954426
875	0.9193219234	97.36162724
876	0.9195465315	97.22600523
877	0.919729383	97.11545665
878	0.9198891691	97.01874982
879	0.9199988917	96.9522869
880	0.9201021984	96.8896687
881	0.9201847445	96.83960516
882	0.9203640479	96.73076986
883	0.920485899	96.65673755
884	0.9207277619	96.50962224
885	0.920868355	96.42400205
886	0.9210029756	96.34194776
887	0.9211180786	96.27173444
888	0.9212597624	96.1852363
889	0.9214339408	96.07879353
890	0.9215856152	95.98600703
891	0.9217611078	95.87853783
892	0.921973799	95.74812694
893	0.9221752384	95.62445112
894	0.9223418158	95.52205822
895	0.9224844967	95.43426688
896	0.9226215776	95.34984501
897	0.9227497976	95.27081247
898	0.9228315376	95.22039515
899	0.9229568499	95.14305049
900	0.9231125558	95.04685878
901	0.9232346691	94.97135164
902	0.9233744501	94.88484621
903	0.9234718487	94.82452305
904	0.92362736	94.72812854
905	0.9237705657	94.63927494
906	0.9239602392	94.52146126
907	0.9240294758	94.47841906
908	0.9241618978	94.39604187
909	0.9242545222	94.33837925
910	0.9244140176	94.23900387
911	0.9245540304	94.1516809
912	0.9247392579	94.03603393
913	0.9249074223	93.93091701
914	0.9250903519	93.81643683
915	0.9251728214	93.76478043
916	0.9252567828	93.71216031
917	0.9253436909	93.65766232
918	0.9254844656	93.56931843
919	0.9256650401	93.45587581
920	0.9257692168	93.39036598
921	0.9259046449	93.3051355
922	0.9260151747	93.23551675
923	0.926125313	93.16609291
924	0.9262056528	93.11541935
925	0.9264832156	92.9401368
926	0.9266719189	92.82078054
927	0.9268138553	92.73090341
928	0.9270019173	92.61168432
929	0.9270465996	92.58333603
930	0.9271784208	92.49965276
931	0.927283874	92.43265393
932	0.9274258903	92.34234823
933	0.9276046051	92.22858098
934	0.9276313224	92.21156108
935	0.9277384004	92.14331686
936	0.9278933658	92.04446288
937	0.9280105066	91.96966714
938	0.9281183391	91.90076102
939	0.9282334299	91.82715966
940	0.9283936735	91.72458448
941	0.9285316603	91.63616432
942	0.928668217	91.54857648
943	0.9287758545	91.47947842
944	0.9289071709	91.39510884
945	0.9290309957	91.31548121
946	0.929225463	91.19028531
947	0.9293485495	91.11095466
948	0.9294784669	91.02714644
949	0.9295888836	90.95585716
950	0.9297597775	90.84541127
951	0.9299026805	90.75295217
952	0.9300283157	90.67158759
953	0.9302126528	90.55207382
954	0.9303079273	90.49024134
955	0.9304735713	90.38263885
956	0.9305774434	90.31509802
957	0.9307478657	90.20417469
958	0.9308413278	90.14328472
959	0.9310008804	90.03924211
960	0.931076946	89.98959811
961	0.9311990025	89.90988113
962	0.9312392547	89.88357622
963	0.9313317286	89.82311532
964	0.9314305786	89.75844051
965	0.9315779771	89.66191515
966	0.9316910066	89.5878262
967	0.9317601099	89.54249991
968	0.9318423217	89.48854562
969	0.9320191554	89.37238217
970	0.9322048475	89.25023676
971	0.9323253844	89.17085994
972	0.9324479511	89.09007384
973	0.9325847546	88.99981741
974	0.932798436	88.85865722
975	0.9328638152	88.81542221
976	0.933052623	88.69044602
977	0.9331716457	88.61157157
978	0.9333012134	88.52562925
979	0.9333933583	88.4644587
980	0.9335192671	88.38080548
981	0.9336147329	88.31732563
982	0.9337123336	88.25237894
983	0.9338129075	88.18540377
984	0.9339374749	88.10238
985	0.9340775087	88.00895446
986	0.9341850548	87.93713617
987	0.9343546977	87.82373077
988	0.9344823697	87.73828606
989	0.9345461222	87.69558846
990	0.9346515334	87.62494462
991	0.9347209085	87.57842017
992	0.9348967004	87.46041947
993	0.9350127105	87.38246018
994	0.9350534055	87.35509646
995	0.9351803434	87.26968708
996	0.9353373442	87.16393434
997	0.9354032658	87.11949252
998	0.9355467115	87.02270854
999	0.9357648607	86.87531475
1000	0.9359103799	86.77685469
1001	0.93602868	86.69672898
1002	0.9361177439	86.63635627
1003	0.9361962612	86.58309782
1004	0.936330572	86.49191846
1005	0.93643794	86.4189605
1006	0.936584132	86.31952196
1007	0.9367490572	86.20720357
1008	0.9368465978	86.14070697
1009	0.9369070394	86.09947621
1010	0.9370417979	86.0074783
1011	0.9371421092	85.93893312
1012	0.9372504902	85.86481222
1013	0.9373102293	85.82392978
1014	0.9373523481	85.79509411
1015	0.9374357152	85.73799004
1016	0.9375896224	85.632468
1017	0.9377114139	85.54887295
1018	0.9377955392	85.49108341
1019	0.9378562735	85.44933792
1020	0.9380112315	85.34273567
1021	0.9380447695	85.31964591
1022	0.9381682758	85.23456214
1023	0.9382850432	85.15404264
1024	0.9385104783	84.99837312
1025	0.9386495148	84.90222209
1026	0.9387681968	84.820061
1027	0.9388924023	84.73399079
1028	0.9389638434	84.68444495
1029	0.9390690792	84.61140889
1030	0.9391867567	84.52966326
1031	0.9392271847	84.50156139
1032	0.9393062923	84.4465459
1033	0.9393958912	84.38419087
1034	0.9395444341	84.28071304
1035	0.9396519176	84.20575869
1036	0.9397651122	84.12674948
1037	0.9399127734	84.0235711
1038	0.9400338059	83.93890488
1039	0.9401560208	83.85332489
1040	0.9402911233	83.75861866
1041	0.9404224939	83.66642569
1042	0.9404600821	83.64002844
1043	0.9406202877	83.52742645
1044	0.9406859352	83.48124161
1045	0.9407191624	83.45785557
1046	0.9407934972	83.40551345
1047	0.9408915039	83.33645278
1048	0.940993291	83.26466758
1049	0.9410796492	83.20371502
1050	0.9411370118	83.16320315
1051	0.9412214999	83.10349821
1052	0.9412924816	83.05330461
1053	0.9413540339	83.00975432
1054	0.9414452781	82.94515388
1055	0.9415755471	82.85283683
1056	0.9417189659	82.7510819
1057	0.9418431903	82.662844
1058	0.9419763105	82.56818269
1059	0.9420509691	82.5150457
1060	0.9421307858	82.45819969
1061	0.9422305085	82.38712128
1062	0.9422856474	82.3477941
1063	0.9424302618	82.24456029
1064	0.9425148838	82.18409229
1065	0.9426322875	82.10012574
1066	0.9426946286	82.05550483
1067	0.9427698817	82.00160972
1068	0.9428949869	81.9119328
1069	0.9429875192	81.84554131
1070	0.9430533725	81.79825908
1071	0.9431259834	81.7460932
1072	0.9432394568	81.66450374
1073	0.9433241417	81.60356062
1074	0.9434432781	81.51774747
1075	0.943553991	81.43792062
1076	0.9436378906	81.3773747
1077	0.9437148813	81.32177493
1078	0.9438406064	81.2308992
1079	0.9439633883	81.1420526
1080	0.9440835194	81.05502991
1081	0.9441785792	80.98610257
1082	0.9442668085	80.9220754
1083	0.944347138	80.86373699
1084	0.9444455587	80.7922026
1085	0.9445520789	80.71470983
1086	0.9446380691	80.65209822
1087	0.9447564835	80.5657981
1088	0.9449228463	80.44439693
1089	0.9450055463	80.38397942
1090	0.9450634093	80.34167983
1091	0.9451093996	80.30804367
1092	0.9451776836	80.25807643
1093	0.9453382033	80.1404925
1094	0.9454554965	80.05446369
1095	0.9455385041	79.99352574
1096	0.9456214738	79.93256918
1097	0.9457341352	79.84972414
1098	0.9458257185	79.78231539
1099	0.9459051793	79.7237831
1100	0.9460990623	79.58078456
1101	0.9461955653	79.50951278
1102	0.9463343385	79.40691057
1103	0.9464378091	79.33032299
1104	0.9465239839	79.26648106
1105	0.9466550808	79.16926024
1106	0.9467100402	79.12846708
1107	0.9467924389	79.06726783
1108	0.9468627442	79.01501319
1109	0.9469355615	78.96085506
1110	0.9469853585	78.92379694
1111	0.9470740032	78.85778584
1112	0.9471593995	78.79414149
1113	0.9472140365	78.75339456
1114	0.9473298109	78.66698302
1115	0.9473895731	78.62234066
1116	0.9475311106	78.51651077
1117	0.9475953342	78.46844275
1118	0.9476230199	78.44771235
1119	0.9477143174	78.37931199
1120	0.9478247144	78.2965225
1121	0.9479388105	78.2108668
1122	0.9480199036	78.1499305
1123	0.9481542652	78.04886161
1124	0.9482182153	78.00071135
1125	0.9482810968	77.95333664
1126	0.9483619256	77.89239818
1127	0.9484200078	77.84857942
1128	0.9484930579	77.79343342
1129	0.9486228354	77.69536695
1130	0.9486526161	77.6728457
1131	0.9487681024	77.58544889
1132	0.9488891478	77.49373923
1133	0.9490208224	77.39385306
1134	0.949070899	77.35583191
1135	0.9491465292	77.29837351
1136	0.9491936763	77.26253288
1137	0.9492499688	77.21971823
1138	0.9493084801	77.17519092
1139	0.9493985475	77.10659894
1140	0.9495387386	76.99971311
1141	0.9496995778	76.87690157
1142	0.9498093602	76.79296245
1143	0.9499215275	76.70710503
1144	0.9499967027	76.64950905
1145	0.9500833781	76.58304834
1146	0.9501692454	76.51715035
1147	0.950277668	76.43386137
1148	0.9503433665	76.38334836
1149	0.9504223696	76.32256173
1150	0.950536002	76.2350455
1151	0.9506365493	76.15752316
1152	0.9506950934	76.11234914
1153	0.9508142493	76.02032256
1154	0.95087857	75.97060002
1155	0.9509791459	75.89278544
1156	0.9510559738	75.83329067
1157	0.951153848	75.75743014
1158	0.9512639119	75.67203077
1159	0.9513491419	75.60583396
1160	0.9514572649	75.52177302
1161	0.9515223081	75.47115961
1162	0.9516008934	75.40996313
1163	0.9517519069	75.29222522
1164	0.9518352493	75.22716831
1165	0.9519745931	75.11827087
1166	0.9520325073	75.07296436
1167	0.9521086634	75.01334552
1168	0.9522179783	74.92768533
1169	0.9522967847	74.86587112
1170	0.9523638914	74.81319363
1171	0.9524689089	74.73068236
1172	0.9525828544	74.64105331
1173	0.9526509848	74.58741073
1174	0.9527329845	74.522797
1175	0.9527928125	74.47561866
1176	0.9528393746	74.43888063
1177	0.9529528599	74.34926343
1178	0.9530393263	74.28090997
1179	0.9530965541	74.2356356
1180	0.953188471	74.16285995
1181	0.9532470279	74.11646001
1182	0.9533402382	74.04254105
1183	0.9533945285	73.99945287
1184	0.9534945759	73.91998335
1185	0.9536346368	73.80858666
1186	0.9536667682	73.78300735
1187	0.9537491194	73.71740839
1188	0.9538209314	73.6601571
1189	0.9538995217	73.59745075
1190	0.9539893187	73.52573727
1191	0.9540915637	73.44399729
1192	0.9541110837	73.42838167
1193	0.9541669497	73.38367153
1194	0.9542314417	73.33202405
1195	0.9543124388	73.26710712
1196	0.9543833493	73.21022698
1197	0.9544690274	73.14144222
1198	0.9545465934	73.07911426
1199	0.9545702078	73.06012836
1200	0.9546855387	72.96733192
1201	0.9547297882	72.93169705
1202	0.9548192725	72.85958042
1203	0.9548598961	72.82681768
1204	0.9549296396	72.77053561
1205	0.9550008101	72.71305697
1206	0.9550478858	72.67501285
1207	0.9551273468	72.61075128
1208	0.9551786886	72.56920001
1209	0.9552326439	72.52550791
1210	0.9553252269	72.45047445
1211	0.9554179943	72.37521341
1212	0.9554939195	72.31355801
1213	0.955620048	72.21101837
1214	0.9556704124	72.17003261
1215	0.9557428623	72.11103305
1216	0.955833456	72.03719013
1217	0.9558910533	71.99020321
1218	0.9559658614	71.92913017
1219	0.9560372305	71.87081633
1220	0.956134741	71.7910665
1221	0.9562242587	71.71777548
1222	0.9562955382	71.65936317
1223	0.9563553606	71.61030291
1224	0.9564101964	71.5653026
1225	0.9564617416	71.52297689
1226	0.9565237916	71.47199205
1227	0.9565793941	71.42627405
1228	0.9566437736	71.37330268
1229	0.9566814359	71.34229598
1230	0.9567906742	71.25228577
1231	0.9568361913	71.21474698
1232	0.9569038756	71.15888983
1233	0.9569510139	71.11996261
1234	0.9570335807	71.05172678
1235	0.9571117423	70.98707112
1236	0.9571524223	70.95339714
1237	0.9572167503	70.90011516
1238	0.9572971199	70.8334899
1239	0.9573956604	70.75171556
1240	0.957454566	70.70278726
1241	0.9575287405	70.64112807
1242	0.9575802672	70.59826375
1243	0.9576473316	70.5424347
1244	0.9577269312	70.47611312
1245	0.9578293094	70.39072081
1246	0.957955854	70.28502825
1247	0.9580864981	70.17574466
1248	0.958159583	70.11453495
1249	0.9582164779	70.06684768
1250	0.9582396146	70.04744598
1251	0.9582857205	70.00876706
1252	0.9583671523	69.9404005
1253	0.9584422401	69.87730076
1254	0.958527579	69.80551734
1255	0.958616874	69.73032715
1256	0.9587313037	69.63385367
1257	0.958762716	69.60734721
1258	0.9588095975	69.56776865
1259	0.9588723682	69.5147407
1260	0.9589408655	69.45682886
1261	0.9589919117	69.41363983
1262	0.9590440236	69.36952135
1263	0.9591195177	69.30555748
1264	0.9592001152	69.23720447
1265	0.9592422697	69.20142723
1266	0.9592576962	69.18832987
1267	0.9593495666	69.11027896
1268	0.9594199584	69.05041605
1269	0.9594747072	69.00382044
1270	0.9594981091	68.98389401
1271	0.9595604715	68.93076484
1272	0.9596499301	68.85447978
1273	0.9596964374	68.81478769
1274	0.9597164988	68.79765906
1275	0.9597751727	68.74753801
1276	0.959840993	68.69126886
1277	0.9598821327	68.65607545
1278	0.9599438881	68.60321229
1279	0.9599816008	68.57090983
1280	0.9600438313	68.51757356
1281	0.96011567	68.4559507
1282	0.9601944315	68.38832573
1283	0.9602541992	68.33696422
1284	0.9603119419	68.28730615
1285	0.9603355541	68.26698954
1286	0.9604031175	68.2088227
1287	0.9604663126	68.15437164
1288	0.9604824364	68.1404718
1289	0.9605324161	68.09736795
1290	0.9605951897	68.04319166
1291	0.9606627194	67.98486234
1292	0.9607335196	67.92365443
1293	0.9608159017	67.85236424
1294	0.9608823333	67.7948223
1295	0.9609587802	67.72854489
1296	0.9610133489	67.68119552
1297	0.9610529797	67.64678705
1298	0.9611259402	67.58339507
1299	0.961221465	67.50030804
1300	0.9612711201	67.45707789
1301	0.9613176044	67.41658305
1302	0.9613795009	67.36262416
1303	0.9614288206	67.31959823
1304	0.9614842076	67.27124644
1305	0.9615960354	67.17351681
1306	0.9616177468	67.15452614
1307	0.9616653964	67.11282879
1308	0.9617506398	67.03816891
1309	0.9618049093	66.990594
1310	0.9619021716	66.90524515
1311	0.9619313596	66.87961114
1312	0.9619520759	66.86141129
1313	0.9620114376	66.8092329
1314	0.9620309076	66.79211008
1315	0.96209232	66.73807242
1316	0.9621299921	66.7049025
1317	0.9622005769	66.64270884
1318	0.962255352	66.59440546
1319	0.962328799	66.5295811
1320	0.9623606947	66.50141027
1321	0.962411683	66.4563518
1322	0.9624758195	66.39963076
1323	0.9624861493	66.3904907
1324	0.9625924842	66.29633034
1325	0.9626698934	66.22769972
1326	0.962738291	66.16699945
1327	0.9628111266	66.10229943
1328	0.9628498533	66.06787255
1329	0.9629046412	66.01913718
1330	0.9629517472	65.97720619
1331	0.9629887826	65.9442208
1332	0.9630261512	65.91092191
1333	0.9630776263	65.86502525
1334	0.9631252538	65.82253069
1335	0.9631795251	65.7740749
1336	0.9632568968	65.70493231
1337	0.9633363526	65.6338514
1338	0.9634466573	65.53504546
1339	0.9635038561	65.48375066
1340	0.9635466746	65.44532547
1341	0.9636033505	65.39443003
1342	0.9636481642	65.35415893
1343	0.9636845425	65.32144992
1344	0.9637496853	65.26283662
1345	0.9637761424	65.2390164
1346	0.9637988971	65.21852266
1347	0.9638361116	65.18499197
1348	0.963875639	65.14935832
1349	0.9639104399	65.11796949
1350	0.9639506506	65.08168245
1351	0.9640303217	65.00972555
1352	0.96404632	64.99526672
1353	0.9641298673	64.91970648
1354	0.9641950888	64.86065895
1355	0.9642354988	64.82404724
1356	0.9642512725	64.8097505
1357	0.9643118232	64.75484034
1358	0.9643937462	64.68047457
1359	0.9644537578	64.62594461
1360	0.9645430479	64.54472526
1361	0.9646198041	64.47482503
1362	0.9646791397	64.42073747
1363	0.9647200409	64.38342744
1364	0.9647924711	64.31730345
1365	0.9648514482	64.26341107
1366	0.9648643762	64.25159156
1367	0.9649503502	64.17293425
1368	0.9649589667	64.16504576
1369	0.9650238758	64.10558937
1370	0.9650419905	64.08898651
1371	0.9650907378	64.0442864
1372	0.9651590303	63.98161128
1373	0.9652580256	63.8906496
1374	0.9652897047	63.86151393
1375	0.9653402536	63.81499603
1376	0.965344729	63.81087588
1377	0.9653823178	63.77626025
1378	0.9654509882	63.71297301
1379	0.9655144766	63.65440552
1380	0.9655615154	63.61097791
1381	0.9656189892	63.55787609
1382	0.965687885	63.49416271
1383	0.965762336	63.42523994
1384	0.9658325328	63.36018684
1385	0.9658752663	63.32055188
1386	0.9659540512	63.24741456
1387	0.966006946	63.19826385
1388	0.9660568295	63.15187639
1389	0.9661079441	63.10430862
1390	0.9661767277	63.04024134
1391	0.9662514139	62.97060235
1392	0.9662775487	62.94621546
1393	0.9663179784	62.90847117
1394	0.9663581048	62.87098768
1395	0.9663980766	62.83362631
1396	0.9664817009	62.75539133
1397	0.9665501717	62.69126054
1398	0.9665673347	62.67517513
1399	0.9666332378	62.61337141
1400	0.9666631134	62.58533409
1401	0.9667164149	62.53528103
1402	0.9667626309	62.49184919
1403	0.9667962332	62.46025219
1404	0.9668469735	62.41250965
1405	0.9668630911	62.39733665
1406	0.9669185074	62.34513989
1407	0.9669843003	62.2831127
1408	0.9670414456	62.22918793
1409	0.9670961373	62.17753463
1410	0.967166161	62.11133841
1411	0.9672310924	62.0498931
1412	0.9672791765	62.00435139
1413	0.9673294404	61.95670928
1414	0.967400216	61.88956313
1415	0.9674594145	61.83334446
1416	0.9675141438	61.7813245
1417	0.96752303	61.77287404
1418	0.9675825093	61.71628178
1419	0.9676442476	61.65748523
1420	0.9676950259	61.60908438
1421	0.9677550556	61.55181622
1422	0.9677992203	61.50964913
1423	0.9678349701	61.47549519
1424	0.967910283	61.40348203
1425	0.9679564512	61.35929487
1426	0.9680312214	61.28766533
1427	0.968084894	61.23619554
1428	0.9681284484	61.19439695
1429	0.9681630621	61.16115817
1430	0.9682182881	61.10808852
1431	0.9682547381	61.07303652
1432	0.9682930095	61.03621118
1433	0.9683428093	60.98825983
1434	0.968359547	60.97213498
1435	0.9684086799	60.9247763
1436	0.9684490008	60.88588382
1437	0.9684966671	60.83987419
1438	0.9685219344	60.81547087
1439	0.9685790703	60.76025268
1440	0.9686296192	60.71135855
1441	0.9686677691	60.67443136
1442	0.9687271358	60.61692277
1443	0.9687762326	60.56932129
1444	0.9688176199	60.5291655
1445	0.9688447895	60.50278981
1446	0.9689201384	60.42958252
1447	0.96896358	60.38733535
1448	0.968987856	60.36371392
1449	0.9690617025	60.29180164
1450	0.9691037506	60.25081656
1451	0.9691401132	60.21535073
1452	0.9691737672	60.18250805
1453	0.9692189635	60.13837324
1454	0.9692768705	60.08177877
1455	0.9693342002	60.02569596
1456	0.9693713699	59.98930665
1457	0.9694018602	59.95943999
1458	0.9694634733	59.89904174
1459	0.9695114887	59.85193083
1460	0.969553833	59.81035342
1461	0.969602334	59.76269523
1462	0.9696369445	59.72866293
1463	0.9696461699	59.71958834
1464	0.9696881744	59.67825317
1465	0.9697539164	59.61350129
1466	0.9697811677	59.58663977
1467	0.9698323894	59.53611787
1468	0.9698789985	59.4901083
1469	0.9699118619	59.45764626
1470	0.9699818586	59.38844521
1471	0.9700337748	59.33706695
1472	0.9700642025	59.30693387
1473	0.9700780215	59.29324365
1474	0.9701181881	59.25343336
1475	0.9701808573	59.19126648
1476	0.970218139	59.15425272
1477	0.9702532637	59.11935919
1478	0.9702937283	59.07913536
1479	0.9703384224	59.03467527
1480	0.9703750567	58.99820786
1481	0.9704233476	58.95010255
1482	0.97048123	58.89239071
1483	0.9705076072	58.86607247
1484	0.9705510749	58.82267626
1485	0.9705853005	58.78848442
1486	0.9706141566	58.75964125
1487	0.9706481863	58.72560873
1488	0.9707134879	58.66024626
1489	0.970744648	58.62903143
1490	0.9707731532	58.60046165
1491	0.9708105451	58.56296391
1492	0.9708583348	58.5150039
1493	0.9708833894	58.4898443
1494	0.9709249648	58.44807076
1495	0.9709762205	58.39652969
1496	0.9710287239	58.34368667
1497	0.9710905243	58.28142524
1498	0.9711068336	58.26498317
1499	0.9711401445	58.23138667
1500	0.9711731962	58.1980324
1501	0.9712422024	58.12833287
1502	0.9713081234	58.06167136
1503	0.9713348479	58.03462479
1504	0.9713573128	58.01187949
1505	0.9714090736	57.95943854
1506	0.9714430434	57.92499655
1507	0.9714897812	57.87757559
1508	0.9715225049	57.84435048
1509	0.9715838457	57.78201829
1510	0.971608643	57.75680107
1511	0.9716455428	57.7192561
1512	0.9716802324	57.68393766
1513	0.971712849	57.65071001
1514	0.9717439705	57.61898761
1515	0.9717749842	57.5873578
1516	0.9718271677	57.53409833
1517	0.9718447286	57.51616418
1518	0.9718860672	57.47392505
1519	0.9719137949	57.44557584
1520	0.9719294146	57.42959993
1521	0.9719539725	57.40447292
1522	0.9719907406	57.36683223
1523	0.9720153094	57.3416665
1524	0.9720531691	57.30286545
1525	0.9720768547	57.27857748
1526	0.9721130298	57.24146266
1527	0.9721425573	57.21115014
1528	0.9721817805	57.1708594
1529	0.972213369	57.1383905
1530	0.9722403289	57.11066458
1531	0.9722890638	57.06051083
1532	0.9723354896	57.01269227
1533	0.9723990701	56.94713941
1534	0.9724253968	56.91997384
1535	0.9724681951	56.87578419
1536	0.9724950173	56.84807251
1537	0.9725247595	56.81732822
1538	0.9725499159	56.79131119
1539	0.9726220418	56.7166517
1540	0.9726766264	56.66008432
1541	0.9727214843	56.61355454
1542	0.9727673089	56.5659826
1543	0.9728126697	56.51885277
1544	0.9728276506	56.50327898
1545	0.9728451544	56.48507694
1546	0.9728907538	56.43763111
1547	0.9729469708	56.37908285
1548	0.9729821522	56.34241152
1549	0.9730102893	56.31306568
1550	0.973078775	56.24157376
1551	0.97310364	56.21559484
1552	0.97311233	56.20651269
1553	0.9731817767	56.1338794
1554	0.9732062609	56.10824928
1555	0.9732378718	56.0751416
1556	0.973253285	56.0589915
1557	0.9733083462	56.00125988
1558	0.9733626378	55.94427678
1559	0.9733970305	55.908149
1560	0.9734447409	55.85799303
1561	0.9734924689	55.80777346
1562	0.9735301765	55.76806535
1563	0.9735334225	55.76464583
1564	0.9735649089	55.73146531
1565	0.9736013629	55.69302514
1566	0.9736472384	55.64461249
1567	0.973672768	55.61765269
1568	0.9737086319	55.57975768
1569	0.9737490154	55.53705602
1570	0.9737823277	55.50180684
1571	0.9738091615	55.47339651
1572	0.9738351505	55.44586673
1573	0.9738675332	55.41154504
1574	0.9738803018	55.39800603
1575	0.9738938088	55.3836805
1576	0.9739653858	55.30770389
1577	0.9739926848	55.27869946
1578	0.9740214432	55.24812785
1579	0.9740552984	55.21211649
1580	0.9740922963	55.17273539
1581	0.9741321314	55.13030295
1582	0.9741654442	55.09479299
1583	0.9741849569	55.07398262
1584	0.9742165571	55.04026427
1585	0.9742242373	55.03206617
1586	0.9742839786	54.96825432
1587	0.9742928578	54.9587638
1588	0.9743353564	54.91331658
1589	0.9743519594	54.89555141
1590	0.9744247559	54.81759138
1591	0.9744636514	54.77589161
1592	0.9744950322	54.74222501
1593	0.9745426565	54.69109225
1594	0.9745670282	54.66490663
1595	0.9746086205	54.62018967
1596	0.9746461538	54.57980525
1597	0.9746511575	54.57441915
1598	0.9746645653	54.55998421
1599	0.9747159318	54.50464718
1600	0.9747585781	54.45866157
1601	0.9747878745	54.42704874
1602	0.9748182704	54.3942301
1603	0.9748668614	54.34172479
1604	0.9749011044	54.3046929
1605	0.9749396237	54.2630062
1606	0.9749832016	54.21580621
1607	0.9750408186	54.15333714
1608	0.9750644885	54.12765305
1609	0.9751092745	54.07902257
1610	0.9751400312	54.04560037
1611	0.9751653921	54.01802603
1612	0.9751980044	53.98254669
1613	0.975208367	53.97126824
1614	0.9752233227	53.95498651
1615	0.9752303487	53.9473359
1616	0.9752456617	53.93065775
1617	0.9752704487	53.90365005
1618	0.9753009501	53.87039749
1619	0.9753122666	53.858055
1620	0.9753339295	53.83442017
1621	0.9753754881	53.78904962
1622	0.9754211471	53.73915842
1623	0.9754457555	53.71224981
1624	0.975477135	53.67791762
1625	0.9755384219	53.61080045
1626	0.9755634479	53.58336957
1627	0.9756163585	53.52532806
1628	0.9756319748	53.5081854
1629	0.9756639325	53.47308694
1630	0.9757351519	53.39478529
1631	0.9757655904	53.36128483
1632	0.9757945764	53.32936337
1633	0.9758200965	53.30124309
1634	0.9758511072	53.26705266
1635	0.9758988022	53.21442445
1636	0.9759173461	53.19394843
1637	0.9759531278	53.15441626
1638	0.9760018175	53.10057593
1639	0.976027437	53.07222438
1640	0.9760634634	53.03233042
1641	0.9760861074	53.00724021
1642	0.9761258813	52.96314068
1643	0.9761880281	52.89416148
1644	0.9762286585	52.8490155
1645	0.976240476	52.83587738
1646	0.9762592794	52.81496594
1647	0.9763000524	52.76959356
1648	0.9763255296	52.74122248
1649	0.9763768214	52.68405843
1650	0.9764049379	52.65269654
1651	0.9764350375	52.61910202
1652	0.9764403937	52.61312166
1653	0.9764667449	52.58368979
1654	0.9765090251	52.53643226
1655	0.9765275657	52.51569554
1656	0.9765759149	52.461581
1657	0.9766156388	52.4170784
1658	0.9766388105	52.39110179
1659	0.9766584241	52.36910395
1660	0.9767161205	52.30434009
1661	0.9767406094	52.27682721
1662	0.9767689878	52.24492643
1663	0.9768175613	52.19027869
1664	0.976836502	52.16895387
1665	0.9768476842	52.15636002
1666	0.9768497757	52.15400419
1667	0.9768984878	52.09910476
1668	0.9769424413	52.0495186
1669	0.9769869575	51.99924947
1670	0.9770279517	51.95291454
1671	0.977054841	51.92249961
1672	0.9770983627	51.87323366
1673	0.9771470561	51.81805799
1674	0.9771748016	51.7865926
1675	0.9772014553	51.75634733
1676	0.9772358646	51.71727528
1677	0.9772535954	51.69713028
1678	0.9772903307	51.65536808
1679	0.977326178	51.6145829
1680	0.977388302	51.54382509
1681	0.977424753	51.5022629
1682	0.9774638586	51.45763661
1683	0.9774927971	51.42458777
1684	0.9775240753	51.38884306
1685	0.977547287	51.36230068
1686	0.9776001355	51.30181754
1687	0.9776150011	51.28479151
1688	0.9776441782	51.2513578
1689	0.9776700794	51.22165957
1690	0.9776830268	51.20680761
1691	0.9776917266	51.19682575
1692	0.9777195091	51.16493586
1693	0.9777498564	51.13007916
1694	0.9777743179	51.10196554
1695	0.9778092198	51.06182605
1696	0.977824275	51.04450185
1697	0.9778750466	50.98603487
1698	0.9779084588	50.94752173
1699	0.9779227318	50.93106089
1700	0.9779467743	50.90332093
1701	0.9779777807	50.86752387
1702	0.9780255353	50.81234154
1703	0.9780455905	50.78914898
1704	0.9780737202	50.75660113
1705	0.9781222143	50.70044111
1706	0.9781510949	50.66696549
1707	0.978176316	50.63771357
1708	0.9781787693	50.63486729
1709	0.9781959087	50.61497799
1710	0.9782347185	50.56991228
1711	0.9782673635	50.53197396
1712	0.9783087373	50.48385067
1713	0.9783161922	50.4751747
1714	0.9783633217	50.42029124
1715	0.9783824543	50.39799378
1716	0.9784037146	50.37320519
1717	0.9784302992	50.34219143
1718	0.9784512997	50.31767861
1719	0.9784748413	50.2901854
1720	0.9784994708	50.26140565
1721	0.9785352506	50.21956738
1722	0.9785643251	50.18554403
1723	0.9785887466	50.15694795
1724	0.9786249279	50.11455168
1725	0.978648717	50.08665683
1726	0.9786769833	50.0534918
1727	0.9787002542	50.0261713
1728	0.9787177809	50.00558484
1729	0.9787379894	49.98183783
1730	0.9787592479	49.95684477
1731	0.9787775723	49.9352913
1732	0.9787994932	49.9094952
1733	0.9788252049	49.8792212
1734	0.9788580398	49.84053342
1735	0.9788752564	49.82023579
1736	0.9789113712	49.77763141
1737	0.9789224165	49.76459393
1738	0.9789506751	49.73122321
1739	0.9789910766	49.68347388
1740	0.9790142414	49.65607549
1741	0.9790306316	49.63668063
1742	0.9790506532	49.6129783
1743	0.9790717583	49.5879811
1744	0.9790967112	49.55841018
1745	0.9791232896	49.52689358
1746	0.9791387848	49.50851015
1747	0.9791689616	49.47268888
1748	0.9792002927	49.43547
1749	0.979235463	49.39365699
1750	0.9792742508	49.34750222
1751	0.9792864617	49.33296309
1752	0.9792944767	49.32341759
1753	0.9793191564	49.29401364
1754	0.9793504717	49.25667856
1755	0.9793943419	49.20432757
1756	0.9794090379	49.18677811
1757	0.9794401623	49.14958969
1758	0.9794561948	49.13042258
1759	0.9794883677	49.0919369
1760	0.9795487455	49.01963036
1761	0.979579648	48.98258131
1762	0.9796051568	48.9519776
1763	0.9796337733	48.91762269
1764	0.9796479155	48.90063567
1765	0.9796552811	48.89178604
1766	0.9797042047	48.83296489
1767	0.9797357323	48.79502141
1768	0.979759015	48.76698175
1769	0.9797957441	48.72271556
1770	0.9798206959	48.69262057
1771	0.9798410772	48.66802431
1772	0.9798599623	48.64522269
1773	0.9798759076	48.62596208
1774	0.9798998161	48.59706841
1775	0.9799158667	48.57766146
1776	0.9799544847	48.53093613
1777	0.9799718964	48.50985436
1778	0.9800063163	48.46815234
1779	0.9800232345	48.44764174
1780	0.9800455407	48.42058566
1781	0.9800825579	48.37565263
1782	0.9801163088	48.33464804
1783	0.9801217896	48.32798607
1784	0.9801670032	48.27299306
1785	0.980181932	48.2548214
1786	0.9802085046	48.22245996
1787	0.9802346575	48.19058831
1788	0.9802730898	48.14371387
1789	0.980291396	48.12137049
1790	0.9803154165	48.09203681
1791	0.9803291638	48.07524062
1792	0.9803547205	48.04400038
1793	0.980368784	48.02680069
1794	0.9803783103	48.01514649
1795	0.9803890922	48.00195273
1796	0.9804150274	47.97020121
1797	0.9804335077	47.94756359
1798	0.9804599533	47.91515032
1799	0.9804770395	47.89419667
1800	0.9804994683	47.8666774
1801	0.9805165841	47.84566627
1802	0.9805273496	47.83244593
1803	0.9805615705	47.79039756
1804	0.9805703241	47.77963571
1805	0.9805991451	47.7441856
1806	0.9806192148	47.71948411
1807	0.9806528963	47.6780007
1808	0.98068423	47.63937652
1809	0.9807202391	47.59495029
1810	0.9807591293	47.54692292
1811	0.9807892696	47.50966787
1812	0.9807950333	47.50254027
1813	0.98081029	47.48366817
1814	0.9808208558	47.47059422
1815	0.9808774628	47.40048803
1816	0.9809074587	47.36329682
1817	0.9809348961	47.32925231
1818	0.9809580723	47.30047609
1819	0.9809592942	47.29895849
1820	0.9809810989	47.27186814
1821	0.9810126609	47.23262794
1822	0.9810255871	47.2165476
1823	0.9810501949	47.18592026
1824	0.9810660834	47.1661346
1825	0.9810819498	47.14636805
1826	0.9810855023	47.14194118
1827	0.9811141954	47.10617081
1828	0.9811407712	47.07301554
1829	0.9811561834	47.05377709
1830	0.9811839363	47.01911423
1831	0.9811893284	47.01237659
1832	0.9812113099	46.98490008
1833	0.9812423355	46.94609112
1834	0.9812644689	46.91838567
1835	0.9812782055	46.90118248
1836	0.981294802	46.88038945
1837	0.9813244815	46.84318218
1838	0.9813397446	46.82403629
1839	0.9813748709	46.77994441
1840	0.9813957077	46.75376962
1841	0.9814284872	46.71256306
1842	0.9814498879	46.68564084
1843	0.9814829137	46.6440639
1844	0.9815203931	46.59683513
1845	0.9815414813	46.57024027
1846	0.981550919	46.55833329
1847	0.9815845287	46.51590502
1848	0.9816072841	46.48715703
1849	0.9816298068	46.4586855
1850	0.9816470215	46.43691215
1851	0.9816729371	46.40411469
1852	0.9817077719	46.35999281
1853	0.9817132811	46.35301098
1854	0.9817313637	46.33008754
1855	0.9817322824	46.32892256
1856	0.9817597109	46.29412876
1857	0.9818155561	46.22320633
1858	0.9818349344	46.19857093
1859	0.9818676236	46.15698357
1860	0.9818903933	46.12799361
1861	0.9819086429	46.10474546
1862	0.9819265029	46.08198234
1863	0.9819389831	46.06606913
1864	0.9819629607	46.03548064
1865	0.9819710445	46.02516346
1866	0.981991177	45.99945864
1867	0.9820274868	45.95306268
1868	0.9820285364	45.95172082
1869	0.9820481081	45.92669232
1870	0.9820806861	45.88500096
1871	0.9821002194	45.85998518
1872	0.9821280319	45.82434292
1873	0.982151586	45.79413625
1874	0.9821822986	45.75471916
1875	0.9822193459	45.70712689
1876	0.9822528788	45.66400649
1877	0.9822813827	45.62732097
1878	0.9823144693	45.58470037
1879	0.9823231198	45.57355052
1880	0.9823290608	45.5658915
1881	0.9823611043	45.52455952
1882	0.982392854	45.48356937
1883	0.9824213534	45.44674399
1884	0.9824626822	45.39328801
1885	0.9824956988	45.3505381
1886	0.9825253612	45.3120968
1887	0.9825541415	45.27476753
1888	0.9825682437	45.25646509
1889	0.9825957109	45.2207958
1890	0.9826013288	45.21349683
1891	0.9826069027	45.20625385
1892	0.9826312209	45.17464014
1893	0.9826532511	45.14598183
1894	0.9826572448	45.14078452
1895	0.9826708453	45.12308097
1896	0.9826949662	45.09166608
1897	0.9827210946	45.0576118
1898	0.9827318974	45.04352461
1899	0.9827583269	45.00904096
1900	0.9827591599	45.00795369
1901	0.9827638229	45.00186685
1902	0.9827909877	44.96639056
1903	0.982810446	44.94096158
1904	0.9828300216	44.91536475
1905	0.9828347334	44.90920147
1906	0.9828510976	44.88778961
1907	0.9828764417	44.85460786
1908	0.9828894584	44.83755617
1909	0.9828906461	44.83599998
1910	0.9829305261	44.78371573
1911	0.9829345085	44.77849129
1912	0.9829549451	44.75167119
1913	0.9829811723	44.71722832
1914	0.9830238531	44.66112086
1915	0.9830511899	44.6251473
1916	0.983072068	44.59765347
1917	0.9830879686	44.57670305
1918	0.9831153314	44.54062707
1919	0.9831464195	44.49960395
1920	0.9831677881	44.47138452
1921	0.9831937221	44.43711206
1922	0.9832217656	44.40002191
1923	0.9832631547	44.34522436
1924	0.9832873166	44.31320371
1925	0.9833235505	44.26514105
1926	0.9833525828	44.22659331
1927	0.9833611826	44.2151685
1928	0.9833730413	44.19940927
1929	0.9833781898	44.19256559
1930	0.9833834061	44.18563074
1931	0.9834074162	44.15369622
1932	0.9834382208	44.11269091
1933	0.9834599043	44.08380426
1934	0.9834777994	44.05995017
1935	0.9835006357	44.02949062
1936	0.9835162933	44.00859417
1937	0.983536476	43.98164369
1938	0.9835533097	43.95915275
1939	0.9835858151	43.91569062
1940	0.983602552	43.8932953
1941	0.9836164378	43.87470643
1942	0.9836426056	43.83965404
1943	0.9836653059	43.80922387
1944	0.9836821616	43.7866147
1945	0.9837145781	43.74310052
1946	0.9837275797	43.72563573
1947	0.9837585845	43.68395941
1948	0.983777076	43.65908432
1949	0.9837792742	43.65612632
1950	0.9837973654	43.63177443
1951	0.9838111934	43.61315185
1952	0.9838204768	43.6006451
1953	0.9838440473	43.56887466
1954	0.9838636382	43.5424505
1955	0.9838847466	43.51396177
1956	0.9839077159	43.48294018
1957	0.9839305215	43.45211768
1958	0.9839578817	43.41511071
1959	0.9839828415	43.38132296
1960	0.9839883351	43.37388283
1961	0.9839948715	43.36502877
1962	0.9839959761	43.36353226
1963	0.9840101603	43.3443117
1964	0.9840430694	43.29968477
1965	0.9840685833	43.26505448
1966	0.9840822182	43.24653627
1967	0.9840942036	43.23025182
1968	0.9841107299	43.20778758
1969	0.9841445257	43.16181255
1970	0.9841714276	43.1251809
1971	0.9841933799	43.09526576
1972	0.9842066179	43.07721594
1973	0.984231115	43.04379448
1974	0.9842625122	43.00092118
1975	0.9842801157	42.9768647
1976	0.984308893	42.93750924
1977	0.9843374965	42.8983558
1978	0.9843587292	42.8692686
1979	0.9843705956	42.85300386
1980	0.984407157	42.8028522
1981	0.9844155348	42.79135191
1982	0.9844359061	42.76337531
1983	0.9844548659	42.73732079
1984	0.9844831042	42.69848618
1985	0.9844892043	42.69009238
1986	0.9845040944	42.66959656
1987	0.9845277096	42.63707067
1988	0.9845325036	42.63046478
1989	0.984562516	42.58908559
1990	0.9845772213	42.56879621
1991	0.984582703	42.56123045
1992	0.9845892155	42.55224028
1993	0.9845992877	42.53833238
1994	0.9846149375	42.51671365
1995	0.9846392098	42.48316214
1996	0.9846630148	42.45023071
1997	0.984677494	42.43018794
1998	0.9846848727	42.41997041
1999	0.9846983808	42.40125894
2000	0.9847133087	42.38057095
2001	0.984742349	42.34029647
2002	0.9847574253	42.31937276
2003	0.9847796764	42.28847253
2004	0.9847810154	42.28661238
2005	0.9847864805	42.2790192
2006	0.9848016978	42.25786917
2007	0.9848074469	42.2498759
2008	0.9848086857	42.24815335
2009	0.9848272076	42.22239015
2010	0.9848374583	42.20812499
2011	0.9848445358	42.19827297
2012	0.9848636213	42.17169417
2013	0.9848762927	42.15403844
2014	0.9849040122	42.11538979
2015	0.9849353112	42.07170742
2016	0.9849412314	42.06343985
2017	0.9849634773	42.03235879
2018	0.9849858203	42.001119
2019	0.9850077653	41.97041286
2020	0.9850326834	41.93551964
2021	0.9850568674	41.90162649
2022	0.9850713933	41.88125564
2023	0.9850867126	41.85976154
2024	0.985113315	41.82241007
2025	0.9851384946	41.78702546
2026	0.9851639319	41.7512483
2027	0.9851869565	41.71883812
2028	0.9851958249	41.70634801
2029	0.9852076307	41.68971506
2030	0.9852394164	41.64489963
2031	0.9852569508	41.62015698
2032	0.9852605552	41.61506889
2033	0.9852797647	41.58794227
2034	0.9852998339	41.55958255
2035	0.9853325793	41.51326865
2036	0.9853551442	41.48132364
2037	0.9853835744	41.44104003
2038	0.9854022786	41.41451612
2039	0.9854123294	41.40025634
2040	0.9854410197	41.35952433
2041	0.9854454699	41.35320277
2042	0.9854729702	41.31411649
2043	0.9855054137	41.26795686
2044	0.985524613	41.24061633
2045	0.9855443197	41.21253444
2046	0.9855612544	41.18838731
2047	0.9855887392	41.14916665
2048	0.9856099907	41.11881529
2049	0.9856314184	41.08818955
2050	0.9856427959	41.07191876
2051	0.9856690419	41.0343605
2052	0.9856699209	41.03310198
2053	0.9856780205	41.02150409
2054	0.985707424	40.9793732
2055	0.9857338153	40.94152138
2056	0.9857548187	40.91137214
2057	0.9857606393	40.9030131
2058	0.9857781429	40.87786557
2059	0.9857813042	40.87332205
2060	0.9858018102	40.84383792
2061	0.9858105109	40.83132141
2062	0.9858443295	40.78263459
2063	0.9858586489	40.7620022
2064	0.9858638333	40.75452956
2065	0.98587566	40.73747789
2066	0.985888359	40.71916047
2067	0.9859077465	40.6911796
2068	0.9859296204	40.659587
2069	0.9859387774	40.64635416
2070	0.9859474033	40.63388506
2071	0.9859617186	40.61318292
2072	0.9859797981	40.58702226
2073	0.9859959516	40.56363414
2074	0.9860099309	40.54338314
2075	0.9860371421	40.50393482
2076	0.9860587985	40.47251175
2077	0.9860659877	40.46207504
2078	0.9861014151	40.41060455
2079	0.986116316	40.38893641
2080	0.9861392175	40.35561135
2081	0.9861598972	40.32549557
2082	0.9861668644	40.31534431
2083	0.9861908457	40.28038349
2084	0.9861982192	40.26962816
2085	0.9862010835	40.26544925
2086	0.9862257399	40.22945933
2087	0.9862483162	40.19647734
2088	0.9862637492	40.17391552
2089	0.9862801426	40.14993574
2090	0.9862936627	40.13014817
2091	0.9863193511	40.09252464
2092	0.9863470654	40.05189427
2093	0.9863574693	40.03663103
2094	0.9863634562	40.02784527
2095	0.9863703425	40.01773717
2096	0.9863840825	39.99756122
2097	0.9863859361	39.99483856
2098	0.9864031233	39.96958468
2099	0.9864218062	39.94211492
2100	0.9864389739	39.91685644
2101	0.9864549766	39.89329745
2102	0.9864800649	39.85633485
2103	0.9864885443	39.84383448
2104	0.9865122405	39.80888035
2105	0.9865325797	39.77885366
2106	0.9865413324	39.76592497
2107	0.9865472786	39.75713952
2108	0.9865672936	39.72755318
2109	0.9865751443	39.71594207
2110	0.9866064609	39.66959176
2111	0.9866241342	39.6434103
2112	0.9866298417	39.63495148
2113	0.9866507995	39.60387528
2114	0.9866660875	39.58119082
2115	0.9866823006	39.55711957
2116	0.9866999132	39.53095386
2117	0.9867209182	39.49972559
2118	0.9867505675	39.45560386
2119	0.9867613085	39.43960774
2120	0.9867926867	39.39284042
2121	0.9868114274	39.36488188
2122	0.9868343109	39.3307161
2123	0.986856003	39.2983016
2124	0.9868712865	39.27544741
2125	0.9868854871	39.25420073
2126	0.9869039852	39.22650675
2127	0.9869191591	39.20377499
2128	0.9869418444	39.16976583
2129	0.9869547665	39.15038025
2130	0.9869643362	39.13601774
2131	0.9869686789	39.12949822
2132	0.9869809307	39.11109954
2133	0.9869942623	39.0910694
2134	0.9870058308	39.07367991
2135	0.9870111401	39.06569659
2136	0.9870252083	39.04453487
2137	0.9870381378	39.0250758
2138	0.9870505263	39.00642194
2139	0.9870661763	38.9828444
2140	0.9870895654	38.94758085
2141	0.9871202359	38.90129057
2142	0.9871360108	38.87746052
2143	0.9871497728	38.85665923
2144	0.9871719938	38.82304875
2145	0.9871727498	38.82190466
2146	0.9872067176	38.77046852
2147	0.9872301159	38.73499769
2148	0.9872502418	38.70446149
2149	0.9872668047	38.67931334
2150	0.9872750554	38.66677984
2151	0.9872821876	38.65594222
2152	0.9872991802	38.63010896
2153	0.9873147692	38.60639441
2154	0.9873291217	38.58454782
2155	0.9873396351	38.56853725
2156	0.9873590162	38.53900467
2157	0.9873799234	38.50712111
2158	0.9873950793	38.48399198
2159	0.987408387	38.46367166
2160	0.9874333879	38.42546753
2161	0.9874411353	38.41362096
2162	0.9874648057	38.37740374
2163	0.9874757234	38.36068748
2164	0.9874972623	38.3276874
2165	0.9875012433	38.32158495
2166	0.9875327497	38.27325462
2167	0.987544081	38.25585765
2168	0.9875598958	38.23156404
2169	0.9875671708	38.22038336
2170	0.9875851889	38.19267824
2171	0.9876063085	38.16017841
2172	0.987622191	38.13571951
2173	0.9876384951	38.11059495
2174	0.9876536614	38.08720894
2175	0.9876669544	38.06669952
2176	0.9876861869	38.03700682
2177	0.9876922207	38.02768665
2178	0.9877162403	37.99056144
2179	0.9877200159	37.98472246
2180	0.9877357125	37.9604382
2181	0.9877471678	37.94270582
2182	0.9877578247	37.92620192
2183	0.987769663	37.90786005
2184	0.987778855	37.89361201
2185	0.9877886909	37.87836009
2186	0.9878019504	37.85778966
2187	0.9878162073	37.8356594
2188	0.987822045	37.82659409
2189	0.9878344153	37.80737706
2190	0.9878427382	37.79444216
2191	0.9878555356	37.77454482
2192	0.9878720517	37.74884991
2193	0.9878777782	37.73993687
2194	0.9878872087	37.72525402
2195	0.987901798	37.70252803
2196	0.9879057161	37.69642235
2197	0.9879127647	37.68543602
2198	0.9879308934	37.65716472
2199	0.9879425909	37.63891143
2200	0.9879525446	37.62337226
2201	0.9879701045	37.59594313
2202	0.98798227	37.57692832
2203	0.9879999571	37.54926628
2204	0.9880112661	37.53156872
2205	0.9880356661	37.49335623
2206	0.9880487093	37.4729136
2207	0.9880607413	37.45404584
2208	0.9880756101	37.43071647
2209	0.9880801289	37.42362347
2210	0.9880844528	37.41683518
2211	0.9880980327	37.39550752
2212	0.9881087765	37.37862548
2213	0.9881175821	37.36478318
2214	0.988120977	37.3594452
2215	0.9881276988	37.34887364
2216	0.988144206	37.32289969
2217	0.9881617891	37.29521303
2218	0.9881654786	37.28940088
2219	0.9881817414	37.26377087
2220	0.9881936982	37.2449157
2221	0.9882125989	37.21509112
2222	0.9882291514	37.18895228
2223	0.9882372197	37.17620454
2224	0.988256091	37.14637124
2225	0.9882654476	37.13157066
2226	0.9882751828	37.11616488
2227	0.988297086	37.08148032
2228	0.9883238674	37.03902662
2229	0.9883422446	37.00986708
2230	0.9883583399	36.98430944
2231	0.9883684957	36.96817387
2232	0.9883810081	36.94828455
2233	0.9883994246	36.91899086
2234	0.9884187268	36.88826333
2235	0.9884274571	36.874357
2236	0.9884469597	36.84327264
2237	0.9884648095	36.81479971
2238	0.9884848242	36.78284706
2239	0.9884943327	36.7676576
2240	0.9885063239	36.74849295
2241	0.988516109	36.73284673
2242	0.9885189522	36.72829922
2243	0.988532533	36.70657016
2244	0.9885461757	36.684729
2245	0.9885719264	36.64346815
2246	0.9885834049	36.62506083
2247	0.9885912976	36.61239856
2248	0.9885982382	36.60126014
2249	0.9886024913	36.59443291
2250	0.9886035173	36.59278582
2251	0.9886246991	36.55876386
2252	0.9886371514	36.5387483
2253	0.9886392591	36.53535936
2254	0.9886473173	36.52239982
2255	0.9886619691	36.49882417
2256	0.9886893219	36.45477131
2257	0.988703253	36.43231408
2258	0.9887236739	36.39937016
2259	0.9887352714	36.38064725
2260	0.9887505656	36.35594176
2261	0.9887698197	36.32481576
2262	0.9887774204	36.31252123
2263	0.9887819168	36.30524604
2264	0.9887952688	36.28363398
2265	0.9888121355	36.25631452
2266	0.9888258642	36.2340624
2267	0.9888269765	36.23225896
2268	0.9888395931	36.21179639
2269	0.9888480585	36.19806013
2270	0.9888652664	36.17012183
2271	0.9888748159	36.1546081
2272	0.9888866581	36.13536065
2273	0.9888989731	36.11533386
2274	0.9889111827	36.09546741
2275	0.9889264203	36.07065878
2276	0.9889348627	36.05690609
2277	0.9889636735	36.00993411
2278	0.9889793821	35.98429744
2279	0.9889901601	35.96669705
2280	0.9890028638	35.94594109
2281	0.989025819	35.90840499
2282	0.9890436082	35.87928941
2283	0.989057832	35.85599224
2284	0.9890634985	35.84670691
2285	0.9890839384	35.81319314
2286	0.9891022828	35.78308858
2287	0.9891206214	35.75296806
2288	0.9891263484	35.74355647
2289	0.9891417686	35.71820307
2290	0.9891544096	35.69740578
2291	0.989162352	35.68433242
2292	0.9891788983	35.65708158
2293	0.9891990453	35.62387257
2294	0.989210197	35.60547743
2295	0.9892232571	35.58392236
2296	0.9892364708	35.56210029
2297	0.989245849	35.54660446
2298	0.9892586981	35.52536238
2299	0.9892740644	35.49994247
2300	0.9892825547	35.48588938
2301	0.9893024474	35.45294127
2302	0.9893150383	35.43207123
2303	0.989326307	35.41338252
2304	0.9893389198	35.39245278
2305	0.9893497364	35.37449385
2306	0.9893643195	35.35026686
2307	0.9893744298	35.33346085
2308	0.989387251	35.31213708
2309	0.9893932146	35.30221426
2310	0.9894049859	35.28261987
2311	0.9894200117	35.25759209
2312	0.9894244218	35.25024309
2313	0.9894252852	35.24880421
2314	0.9894343789	35.23364475
2315	0.9894523009	35.20374954
2316	0.9894594612	35.19179848
2317	0.9894686643	35.17643184
2318	0.9894796574	35.15806759
2319	0.9894868996	35.14596412
2320	0.9895064017	35.11335057
2321	0.989513663	35.10119972
2322	0.9895329684	35.06887411
2323	0.9895398519	35.05734102
2324	0.989548923	35.04213672
2325	0.9895535419	35.03439231
2326	0.9895639891	35.01686949
2327	0.9895718288	35.00371444
2328	0.9895898431	34.97346757
2329	0.9895986378	34.95869128
2330	0.9896092897	34.94078632
2331	0.9896187456	34.92488413
2332	0.9896333538	34.9003027
2333	0.9896560167	34.86213349
2334	0.9896568177	34.86078369
2335	0.9896651024	34.84681949
2336	0.9896777638	34.82546719
2337	0.9896846772	34.81380306
2338	0.9896873422	34.80930564
2339	0.9896936671	34.79862937
2340	0.989709337	34.77216511
2341	0.9897209988	34.7524569
2342	0.9897317485	34.73428036
2343	0.9897535184	34.69744037
2344	0.9897614547	34.68400043
2345	0.9897705178	34.6686461
2346	0.9897838211	34.64609575
2347	0.9897931615	34.63025398
2348	0.9898061503	34.60821248
2349	0.9898184895	34.58726029
2350	0.9898245147	34.57702482
2351	0.989844147	34.54365274
2352	0.9898481158	34.53690241
2353	0.9898656769	34.50701795
2354	0.9898759173	34.48957942
2355	0.9898838206	34.47611479
2356	0.9899016987	34.4456368
2357	0.9899103781	34.4308308
2358	0.9899181612	34.4175483
2359	0.9899250838	34.40573007
2360	0.9899303167	34.39679369
2361	0.9899404216	34.37953081
2362	0.989958007	34.34946784
2363	0.9899679071	34.33253159
2364	0.9899853264	34.30271189
2365	0.9899986832	34.27982906
2366	0.9900116346	34.25762615
2367	0.9900183952	34.2460306
2368	0.9900300131	34.22609495
2369	0.9900368788	34.21430812
2370	0.9900466194	34.19757906
2371	0.9900599078	34.17474343
2372	0.990071656	34.1545419
2373	0.9900829782	34.13506145
2374	0.990099806	34.10608801
2375	0.9901040947	34.09869995
2376	0.9901072557	34.09325348
2377	0.9901216341	34.06846836
2378	0.9901309477	34.05240434
2379	0.9901433951	34.03092317
2380	0.9901472186	34.02432207
2381	0.9901577559	34.00612312
2382	0.9901657588	33.99229475
2383	0.9901677788	33.98880341
2384	0.9901790066	33.96939138
2385	0.9901959796	33.94002515
2386	0.990208452	33.91842948
2387	0.9902283366	33.88397136
2388	0.9902414918	33.86115538
2389	0.9902480902	33.84970541
2390	0.9902579796	33.83253754
2391	0.9902685523	33.81417386
2392	0.9902799067	33.79444148
2393	0.9902954248	33.76745426
2394	0.990315337	33.73279394
2395	0.9903237606	33.71812052
2396	0.9903358242	33.69709539
2397	0.9903483073	33.67532528
2398	0.9903542605	33.66493804
2399	0.9903614646	33.65236404
2400	0.9903779354	33.62359849
2401	0.9903953153	33.59321831
2402	0.9904005122	33.5841288
2403	0.9904053916	33.57559227
2404	0.9904122061	33.56366686
2405	0.9904129553	33.56235533
2406	0.9904275161	33.53685851
2407	0.9904418554	33.51173039
2408	0.9904513385	33.49510209
2409	0.9904564083	33.48620882
2410	0.9904580171	33.4833863
2411	0.9904695959	33.46306476
2412	0.99047156	33.45961645
2413	0.9904818981	33.44146016
2414	0.990498347	33.41255127
2415	0.9905025459	33.40516787
2416	0.9905144929	33.38415072
2417	0.9905291713	33.35831049
2418	0.9905508936	33.32003327
2419	0.9905637804	33.29730436
2420	0.9905712563	33.28411177
2421	0.9905836367	33.26225276
2422	0.9905919644	33.24754117
2423	0.9905987615	33.23552869
2424	0.9906070155	33.22093549
2425	0.9906152646	33.20634474
2426	0.9906227551	33.19309014
2427	0.9906415029	33.15989226
2428	0.9906425496	33.15803778
2429	0.9906555415	33.13501149
2430	0.9906749821	33.10052591
2431	0.9906846471	33.08336769
2432	0.9906993952	33.05716855
2433	0.9907144372	33.03042572
2434	0.9907251515	33.01136398
2435	0.9907508527	32.9655938
2436	0.9907598292	32.94959311
2437	0.9907656888	32.9391441
2438	0.9907809437	32.91192531
2439	0.990787701	32.89986142
2440	0.9907956465	32.88567053
2441	0.9908080629	32.8634821
2442	0.990826927	32.82974279
2443	0.9908420146	32.80273296
2444	0.9908528129	32.78338823
2445	0.9908670602	32.75784721
2446	0.9908790867	32.73627194
2447	0.9908877867	32.72065539
2448	0.9908984793	32.70145199
2449	0.9909113594	32.67830486
2450	0.990914638	32.67241026
2451	0.9909200445	32.6626876
2452	0.9909342843	32.63706552
2453	0.9909420672	32.62305318
2454	0.9909554056	32.59902448
2455	0.9909656656	32.58052943
2456	0.9909727625	32.56773013
2457	0.9909809897	32.55288608
2458	0.9909900321	32.53656329
2459	0.9910040719	32.51120337
2460	0.99101476	32.49188425
2461	0.9910209984	32.48060271
2462	0.9910337055	32.45761127
2463	0.9910471563	32.43325655
2464	0.9910573974	32.41470121
2465	0.9910630794	32.40440155
2466	0.9910754049	32.38204828
2467	0.9910878213	32.35951458
2468	0.9910933681	32.34944312
2469	0.9911060043	32.32648724
2470	0.9911083565	32.32221217
2471	0.9911104699	32.31837071
2472	0.9911144063	32.31121443
2473	0.9911221654	32.29710393
2474	0.9911331851	32.2770532
2475	0.991138703	32.26700845
2476	0.9911548438	32.23760802
2477	0.9911658137	32.21761095
2478	0.9911761086	32.19883312
2479	0.9911919515	32.16991437
2480	0.9912038156	32.14824128
2481	0.991218967	32.12054176
2482	0.9912325913	32.09561358
2483	0.9912424807	32.07750695
2484	0.9912552603	32.0540935
2485	0.9912662636	32.03392063
2486	0.9912750298	32.01784009
2487	0.9912842924	32.00084017
2488	0.9912950003	31.98117642
2489	0.9913053331	31.96219016
2490	0.991316894	31.94093378
2491	0.9913356249	31.90646407
2492	0.991344122	31.89081509
2493	0.991346894	31.88570821
2494	0.9913606327	31.8603855
2495	0.9913656588	31.85111638
2496	0.9913762068	31.8316553
2497	0.9913894034	31.8072907
2498	0.9914015882	31.78477756
2499	0.9914194762	31.75169807
2500	0.9914302294	31.73179605
2501	0.9914412798	31.71133096
2502	0.9914531966	31.68924653
2503	0.9914617504	31.67338504
2504	0.9914711331	31.65597722
2505	0.9914798916	31.63971881
2506	0.991492539	31.6162268
2507	0.9915003822	31.60164961
2508	0.9915083491	31.58683576
2509	0.9915195878	31.56592623
2510	0.9915290815	31.54825253
2511	0.9915401962	31.5275485
2512	0.9915458714	31.51697168
2513	0.9915602697	31.4901217
2514	0.9915694813	31.47293203
2515	0.9915766204	31.45960334
2516	0.9915832997	31.44712802
2517	0.991593833	31.42744412
2518	0.9916032467	31.40984206
2519	0.9916148748	31.38808593
2520	0.9916247766	31.36954772
2521	0.9916278832	31.36372915
2522	0.9916286614	31.36227146
2523	0.9916418628	31.33753303
2524	0.9916534631	31.31577866
2525	0.9916636712	31.29662272
2526	0.991675151	31.27506619
2527	0.991687445	31.25196452
2528	0.9917001147	31.22813891
2529	0.9917105549	31.20849219
2530	0.9917173561	31.19568682
2531	0.9917222654	31.18644024
2532	0.991727568	31.17644981
2533	0.9917363141	31.15996461
2534	0.9917451898	31.14322624
2535	0.99175169	31.13096223
2536	0.9917590805	31.1170124
2537	0.9917653937	31.10509091
2538	0.9917727283	31.09123522
2539	0.9917857763	31.06657089
2540	0.9918007825	31.03818093
2541	0.9918099949	31.02073917
2542	0.991816974	31.00751923
2543	0.9918225891	30.9968789
2544	0.9918304324	30.9820101
2545	0.9918366432	30.97023104
2546	0.9918432161	30.9577603
2547	0.9918569572	30.93167323
2548	0.9918623381	30.92145192
2549	0.9918744584	30.89841593
2550	0.9918877259	30.8731799
2551	0.9918887579	30.87121614
2552	0.9918999265	30.84995508
2553	0.9919007494	30.84838789
2554	0.991905655	30.83904433
2555	0.9919181359	30.81525938
2556	0.991924841	30.80247386
2557	0.9919286291	30.79524811
2558	0.991937128	30.77903076
2559	0.9919474781	30.75926919
2560	0.9919546219	30.74562213
2561	0.9919651604	30.72547902
2562	0.9919785625	30.69984329
2563	0.9919849799	30.68756028
2564	0.9919999482	30.65889199
2565	0.9920100958	30.63944131
2566	0.9920164997	30.62716003
2567	0.9920286932	30.6037621
2568	0.9920448626	30.57270738
2569	0.9920631871	30.53747528
2570	0.9920777473	30.50945152
2571	0.9920785575	30.50789157
2572	0.9920935084	30.47908766
2573	0.9921002806	30.46603156
2574	0.9921189928	30.42992755
2575	0.9921251118	30.41811198
2576	0.992127969	30.41259327
2577	0.9921336668	30.40158498
2578	0.9921402706	30.38882122
2579	0.9921470619	30.37568942
2580	0.9921547093	30.36089554
2581	0.9921549199	30.36048797
2582	0.9921615579	30.34764076
2583	0.9921713141	30.32874845
2584	0.9921766695	30.31837317
2585	0.9921792026	30.31346444
2586	0.9921863978	30.29951701
2587	0.9921920167	30.28862056
2588	0.9921974032	30.27817108
2589	0.9922054217	30.26260907
2590	0.9922126781	30.2485192
2591	0.9922188004	30.23662633
2592	0.9922294634	30.21590181
2593	0.9922352398	30.20466892
2594	0.9922398808	30.19564096
2595	0.9922469364	30.18191065
2596	0.9922497723	30.17639027
2597	0.9922549082	30.16638989
2598	0.992261708	30.15314485
2599	0.9922664464	30.14391153
2600	0.992280021	30.1174443
2601	0.9922877671	30.10233088
2602	0.9922978907	30.08256718
2603	0.9923127211	30.05359118
2604	0.992319966	30.03942575
2605	0.9923244698	30.03061659
2606	0.9923401748	29.99987784
2607	0.9923560977	29.96868044
2608	0.9923707902	29.93986472
2609	0.9923771224	29.92743717
2610	0.992390395	29.90137185
2611	0.9923945554	29.8931966
2612	0.9924147521	29.85347867
2613	0.9924227994	29.83763857
2614	0.9924299555	29.82354549
2615	0.9924350199	29.81356781
2616	0.9924489593	29.78608754
2617	0.9924575542	29.76913079
2618	0.9924664957	29.75148003
2619	0.9924773132	29.730112
2620	0.9924929098	29.69927667
2621	0.9925094533	29.66653432
2622	0.9925220281	29.64162238
2623	0.9925285767	29.62864067
2624	0.9925368415	29.61224879
2625	0.9925417185	29.60257159
2626	0.9925508341	29.58447588
2627	0.9925574913	29.5712533
2628	0.9925667983	29.55275791
2629	0.9925731205	29.54018724
2630	0.9925855584	29.51544116
2631	0.992590215	29.50617126
2632	0.9926004293	29.48582742
2633	0.9926093474	29.4680536
2634	0.9926216448	29.44352715
2635	0.9926326385	29.42158375
2636	0.9926364888	29.41389453
2637	0.9926424298	29.40202639
2638	0.9926487082	29.38947888
2639	0.9926567663	29.37336701
2640	0.9926672643	29.3523631
2641	0.9926772045	29.33246148
2642	0.9926885827	29.30966413
2643	0.9927017253	29.28330951
2644	0.9927117045	29.26328267
2645	0.9927195195	29.24758944
2646	0.9927277954	29.2309615
2647	0.9927408176	29.20477808
2648	0.9927452515	29.19585757
2649	0.9927530652	29.18013077
2650	0.9927597881	29.1665926
2651	0.9927661432	29.15378921
2652	0.9927795188	29.12682375
2653	0.9927906374	29.1043892
2654	0.9928060801	29.07320125
2655	0.9928106138	29.06403872
2656	0.9928215532	29.04191824
2657	0.9928295872	29.02566206
2658	0.9928388079	29.00699352
2659	0.992844339	28.99578926
2660	0.9928497245	28.9848757
2661	0.9928547276	28.97473361
2662	0.9928608246	28.96236903
2663	0.9928635355	28.95686966
2664	0.9928666122	28.95062699
2665	0.9928754929	28.93260031
2666	0.9928775703	28.92838196
2667	0.9928869409	28.90934587
2668	0.9928948672	28.89323415
2669	0.9929043603	28.87392569
2670	0.9929140938	28.85411474
2671	0.9929211924	28.83965819
2672	0.9929265007	28.82884299
2673	0.9929340046	28.81354754
2674	0.992948171	28.78464937
2675	0.9929571489	28.76632019
2676	0.9929635293	28.75328687
2677	0.9929638277	28.7526773
2678	0.9929692861	28.74152242
2679	0.9929723566	28.73524557
2680	0.9929838621	28.71171374
2681	0.9929909665	28.69717343
2682	0.9930091795	28.65986443
2683	0.9930276853	28.62190566
2684	0.9930352972	28.60627773
2685	0.9930447291	28.58690132
2686	0.9930536794	28.56850194
2687	0.9930604195	28.55463846
2688	0.993070378	28.53414272
2689	0.9930786534	28.51709981
2690	0.9930840033	28.50607635
2691	0.9930879785	28.49788274
2692	0.9930940205	28.48542464
2693	0.9930980877	28.47703525
2694	0.993102497	28.46793766
2695	0.9931110075	28.45036965
2696	0.9931215718	28.42854679
2697	0.9931286955	28.41382181
2698	0.9931304323	28.41023063
2699	0.9931354931	28.39976396
2700	0.9931386531	28.39322644
2701	0.9931514678	28.36669941
2702	0.9931549353	28.35951721
2703	0.9931633536	28.3420731
2704	0.9931711136	28.32598364
2705	0.9931809689	28.30553661
2706	0.9931823721	28.30262413
2707	0.9931872343	28.29252983
2708	0.9931977376	28.27071207
2709	0.9932041574	28.25736829
2710	0.9932122325	28.24057497
2711	0.9932163856	28.23193424
2712	0.9932253697	28.21323308
2713	0.9932356834	28.19174894
2714	0.993242294	28.17796991
2715	0.9932559634	28.14945658
2716	0.9932663252	28.12782326
2717	0.993272548	28.11482341
2718	0.9932762051	28.10718062
2719	0.9932813852	28.09635156
2720	0.9932858797	28.08695214
2721	0.9932912017	28.07581836
2722	0.9933022578	28.05267439
2723	0.9933159577	28.02396952
2724	0.9933206496	28.01413202
2725	0.9933309075	27.99261202
2726	0.9933381491	27.97741022
2727	0.9933456848	27.96158211
2728	0.9933554118	27.94113802
2729	0.9933663127	27.91820902
2730	0.9933700055	27.91043724
2731	0.9933730532	27.90402157
2732	0.9933804259	27.8884951
2733	0.9933908849	27.86645439
2734	0.993399488	27.84831142
2735	0.9934049433	27.83680094
2736	0.9934128531	27.82010278
2737	0.9934162517	27.8129251
2738	0.993422262	27.80022691
2739	0.9934290679	27.78584092
2740	0.9934340582	27.77528797
2741	0.9934435244	27.75525886
2742	0.9934562319	27.72834867
2743	0.9934584727	27.72360067
2744	0.9934637114	27.71249752
2745	0.9934677522	27.70393012
2746	0.9934751353	27.68826928
2747	0.9934836368	27.67022539
2748	0.9934912503	27.65405623
2749	0.9935011663	27.63298282
2750	0.9935115152	27.61097233
2751	0.9935192726	27.59446222
2752	0.9935215544	27.58960387
2753	0.9935272608	27.57745027
2754	0.9935280349	27.57580113
2755	0.993536998	27.5566996
2756	0.9935448451	27.53996543
2757	0.9935489383	27.53123254
2758	0.9935544157	27.51954202
2759	0.9935615374	27.50433475
2760	0.993571907	27.48217697
2761	0.9935798425	27.46520835
2762	0.9935877662	27.44825446
2763	0.9935927827	27.43751539
2764	0.9936026433	27.41639438
2765	0.9936091298	27.4024917
2766	0.9936160759	27.38759595
2767	0.9936212081	27.37658503
2768	0.993623743	27.37114492
2769	0.9936283101	27.3613406
2770	0.9936356163	27.34564891
2771	0.993641814	27.33233087
2772	0.9936479481	27.31914314
2773	0.9936558565	27.30213157
2774	0.9936629455	27.28687342
2775	0.9936741413	27.26275866
2776	0.9936788197	27.25267554
2777	0.9936875688	27.23380879
2778	0.9936906446	27.22717314
2779	0.9936954587	27.21678388
2780	0.9937058412	27.19436379
2781	0.9937149307	27.17472082
2782	0.9937173357	27.16952106
2783	0.9937233107	27.15659852
2784	0.993735344	27.13055454
2785	0.9937358244	27.12951432
2786	0.9937469572	27.10539594
2787	0.9937541923	27.08971031
2788	0.9937603945	27.07625674
2789	0.9937681359	27.05945476
2790	0.9937684261	27.05882487
2791	0.9937788826	27.036113
2792	0.9937872918	27.0178344
2793	0.9937953965	27.00020571
2794	0.9938023199	26.98513748
2795	0.9938113933	26.96537698
2796	0.9938200379	26.94653715
2797	0.9938229955	26.94008826
2798	0.9938255709	26.93447157
2799	0.9938294528	26.92600338
2800	0.9938297869	26.92527432
2801	0.9938418268	26.89899194
2802	0.9938464615	26.88886796
2803	0.9938516854	26.8774521
2804	0.9938644458	26.84954641
2805	0.9938737386	26.82920576
2806	0.9938767769	26.82255201
2807	0.9938814921	26.81222272
2808	0.9938858135	26.80275265
2809	0.9938941057	26.7845712
2810	0.9939031638	26.76469626
2811	0.9939116857	26.74598449
2812	0.9939166338	26.7351138
2813	0.9939188761	26.73018616
2814	0.9939219774	26.72336922
2815	0.9939268137	26.71273511
2816	0.9939339612	26.69701145
2817	0.9939421373	26.67901355
2818	0.9939479259	26.66626409
2819	0.9939558588	26.64878151
2820	0.9939669153	26.62439621
2821	0.9939722089	26.61271322
2822	0.9939832522	26.5883239
2823	0.9939864604	26.58123424
2824	0.9939958886	26.56038877
2825	0.9939991166	26.55324782
2826	0.9940036404	26.54323728
2827	0.9940085685	26.53232791
2828	0.9940154703	26.51704155
2829	0.9940274212	26.4905516
2830	0.9940375023	26.46818547
2831	0.9940473408	26.4463393
2832	0.9940537147	26.43217657
2833	0.9940600536	26.41808417
2834	0.994070701	26.39439626
2835	0.9940760565	26.38247338
2836	0.9940779835	26.37818203
2837	0.9940868878	26.35834366
2838	0.994090867	26.34947334
2839	0.994095187	26.33983985
2840	0.9941022888	26.32399553
2841	0.994109647	26.30756884
2842	0.9941142523	26.29728279
2843	0.994122703	26.27839738
2844	0.9941301758	26.261686
2845	0.9941321641	26.25723779
2846	0.9941398376	26.24006354
2847	0.9941494137	26.21861537
2848	0.9941567419	26.20218984
2849	0.994158608	26.19800577
2850	0.9941642864	26.18526904
2851	0.9941682388	26.1764001
2852	0.9941739529	26.16357284
2853	0.9941819482	26.14561422
2854	0.9941865502	26.13527175
2855	0.9941962727	26.11340811
2856	0.9942013161	26.10205942
2857	0.9942016759	26.10124959
2858	0.9942068347	26.08963585
2859	0.9942124353	26.07702151
2860	0.9942210208	26.05767245
2861	0.9942238401	26.05131545
2862	0.9942299286	26.03758201
2863	0.9942342404	26.02785156
2864	0.9942485827	25.99545931
2865	0.9942629256	25.96302535
2866	0.9942685523	25.95029051
2867	0.9942796566	25.92513967
2868	0.9942892153	25.90347015
2869	0.9943011313	25.87643122
2870	0.9943047111	25.86830268
2871	0.9943095005	25.85742366
2872	0.9943179358	25.83825176
2873	0.9943209349	25.83143181
2874	0.9943249489	25.82230136
2875	0.9943303547	25.80999974
2876	0.9943349036	25.79964373
2877	0.9943444926	25.77779967
2878	0.9943508113	25.76339539
2879	0.9943579286	25.74716075
2880	0.9943640948	25.73308739
2881	0.9943643425	25.73252183
2882	0.994366348	25.72794288
2883	0.9943717626	25.71557613
2884	0.9943742805	25.70982332
2885	0.9943792045	25.69856938
2886	0.9943794971	25.69790053
2887	0.9943867809	25.68124382
2888	0.9943914615	25.67053432
2889	0.994400134	25.65067942
2890	0.9944109264	25.62594986
2891	0.9944204929	25.60400917
2892	0.9944300755	25.58201273
2893	0.9944358538	25.56873965
2894	0.9944393652	25.56067045
2895	0.9944450807	25.54753098
2896	0.9944515394	25.53267461
2897	0.9944570664	25.51995431
2898	0.9944633316	25.50552765
2899	0.9944720003	25.48555288
2900	0.9944774632	25.47295719
2901	0.994489419	25.44536895
2902	0.9944978417	25.42591536
2903	0.9945043257	25.41092935
2904	0.9945089654	25.40020068
2905	0.9945165408	25.38267352
2906	0.9945216223	25.3709097
2907	0.9945255425	25.36183077
2908	0.9945316672	25.34763963
2909	0.9945332076	25.34406927
2910	0.9945382999	25.33226257
2911	0.9945419809	25.32372457
2912	0.9945462768	25.31375675
2913	0.9945479004	25.30998842
2914	0.9945536148	25.2967211
2915	0.9945568072	25.28930609
2916	0.9945596486	25.2827048
2917	0.9945617512	25.27781854
2918	0.994568556	25.26199882
2919	0.9945711895	25.25587369
2920	0.9945738484	25.24968797
2921	0.9945803671	25.23451671
2922	0.9945862095	25.22091156
2923	0.9945937547	25.20333026
2924	0.9945972147	25.19526394
2925	0.9946052955	25.17641476
2926	0.9946135771	25.15708283
2927	0.9946170846	25.14889061
2928	0.9946255132	25.12919394
2929	0.9946333622	25.11083747
2930	0.9946335972	25.11028778
2931	0.9946385608	25.09867222
2932	0.9946442858	25.08526844
2933	0.994650253	25.07128985
2934	0.9946610221	25.04604264
2935	0.9946655413	25.03544044
2936	0.9946694739	25.02621053
2937	0.9946724532	25.01921578
2938	0.9946806379	24.99998998
2939	0.9946846866	24.99047397
2940	0.994689266	24.97970655
2941	0.9946961271	24.96356513
2942	0.9947002457	24.95387087
2943	0.9947102285	24.93035793
2944	0.9947213536	24.90412807
2945	0.994725063	24.89537616
2946	0.9947315969	24.87995293
2947	0.9947352081	24.8714246
2948	0.9947401092	24.85984515
2949	0.994740319	24.85934935
2950	0.994747725	24.84184141
2951	0.9947504586	24.83537605
2952	0.9947578091	24.81798229
2953	0.9947631431	24.80535275
2954	0.99476921	24.79098028
2955	0.9947783252	24.76937029
2956	0.9947863303	24.7503767
2957	0.9947932685	24.73390274
2958	0.994805043	24.70592028
2959	0.9948118042	24.68983768
2960	0.9948155686	24.68087887
2961	0.9948217659	24.66612324
2962	0.9948232759	24.66252666
2963	0.9948300989	24.64626849
2964	0.9948372069	24.62931966
2965	0.9948453614	24.60986127
2966	0.9948518611	24.59434054
2967	0.9948589541	24.57739208
2968	0.9948654437	24.56187495
2969	0.9948692057	24.55287524
2970	0.9948761996	24.53613523
2971	0.9948799569	24.52713735
2972	0.9948834592	24.51874734
2973	0.9948889601	24.50556332
2974	0.994892722	24.49654332
2975	0.9949004761	24.47794022
2976	0.9949123904	24.44932908
2977	0.9949166972	24.43897843
2978	0.9949221985	24.42575043
2979	0.9949257586	24.41718639
2980	0.9949294702	24.4082547
2981	0.9949363467	24.39169815
2982	0.994942397	24.3771215
2983	0.9949463233	24.36765752
2984	0.9949527729	24.35210349
2985	0.9949565039	24.34310095
2986	0.9949634458	24.32634216
2987	0.9949711015	24.30784675
2988	0.9949732927	24.30255056
2989	0.9949819714	24.28156195
2990	0.9949864173	24.27080303
2991	0.9949967565	24.2457642
2992	0.995001029	24.23540969
2993	0.995004643	24.22664759
2994	0.9950098124	24.21410903
2995	0.9950149203	24.20171325
2996	0.99501679	24.19717408
2997	0.9950169949	24.19667671
2998	0.9950239879	24.17969236
2999	0.9950242406	24.17907844
